LT_Driver__r.LT_CPF__c,LT_Document_Type__c,LT_Document_Number__c,LT_Issue_Date__c,LT_Expiration_Date__c,LT_Verified__c,LT_Verified_By__c,LT_Verification_Date__c
101.037.071-13,CNH,22450071,2023-11-28,2029-10-25,true,005g8000009K1pBAAS,2026-06-27
101.037.071-13,CPF,883284968,2025-10-12,,true,005g8000009K1pBAAS,2026-04-29
101.037.071-13,Comprovante de Residencia,934650251,2023-10-03,,true,005g8000009K1pBAAS,2026-05-02
101.037.071-13,Curso MOPP,182344074,2025-12-04,2028-07-27,true,005g8000009K1pBAAS,2026-04-28
102.074.142-26,CNH,644027112,2021-03-03,2028-11-09,true,005g8000009K1pBAAS,2026-08-06
102.074.142-26,CPF,155079338,2024-06-27,,true,005g8000009K1pBAAS,2026-09-01
102.074.142-26,Comprovante de Residencia,204698677,2023-02-13,,true,005g8000009K1pBAAS,2026-03-13
102.074.142-26,Curso MOPP,443688394,2021-05-24,2028-11-29,true,005g8000009K1pBAAS,2026-06-03
103.111.213-39,CNH,544560525,2019-11-25,2027-11-03,true,005g8000009K1pBAAS,2026-05-08
103.111.213-39,CPF,444103184,2022-02-04,,true,005g8000009K1pBAAS,2026-05-04
103.111.213-39,Comprovante de Residencia,918648745,2022-09-15,,true,005g8000009K1pBAAS,2026-06-19
103.111.213-39,Curso MOPP,603595537,2021-11-27,2027-05-30,true,005g8000009K1pBAAS,2026-08-19
104.148.284-52,CNH,63942758,2023-06-08,2026-04-13,true,005g8000009K1pBAAS,2026-08-08
104.148.284-52,CPF,383957945,2023-03-16,,true,005g8000009K1pBAAS,2026-06-02
104.148.284-52,Comprovante de Residencia,684536102,2026-03-09,,true,005g8000009K1pBAAS,2026-03-05
104.148.284-52,Curso MOPP,167902418,2020-04-06,2027-04-27,true,005g8000009K1pBAAS,2026-02-25
105.185.355-65,CNH,519700027,2021-04-12,2027-07-07,true,005g8000009K1pBAAS,2026-04-04
105.185.355-65,CPF,785809632,2023-04-19,,true,005g8000009K1pBAAS,2026-06-16
105.185.355-65,Comprovante de Residencia,297020058,2020-07-22,,true,005g8000009K1pBAAS,2026-06-21
105.185.355-65,Curso MOPP,696483095,2020-03-05,2028-02-08,true,005g8000009K1pBAAS,2026-07-26
106.222.426-78,CNH,743703043,2025-04-24,2026-09-16,true,005g8000009K1pBAAS,2026-02-25
106.222.426-78,CPF,461929530,2024-05-07,,true,005g8000009K1pBAAS,2026-07-24
106.222.426-78,Comprovante de Residencia,841653554,2023-03-02,,true,005g8000009K1pBAAS,2026-05-05
106.222.426-78,Curso MOPP,162566978,2024-06-21,2028-11-16,true,005g8000009K1pBAAS,2026-06-16
107.259.497-91,CNH,639382115,2022-06-13,2029-12-01,true,005g8000009K1pBAAS,2026-04-04
107.259.497-91,CPF,970969930,2020-09-26,,true,005g8000009K1pBAAS,2026-04-30
107.259.497-91,Comprovante de Residencia,684232373,2021-07-23,,true,005g8000009K1pBAAS,2026-05-27
107.259.497-91,Curso MOPP,789947079,2023-12-05,2028-06-17,true,005g8000009K1pBAAS,2026-04-21
108.296.568-04,CNH,881289846,2022-05-06,2025-08-07,true,005g8000009K1pBAAS,2026-04-18
108.296.568-04,CPF,538884535,2024-04-26,,true,005g8000009K1pBAAS,2026-08-26
108.296.568-04,Comprovante de Residencia,142559998,2025-04-12,,true,005g8000009K1pBAAS,2026-08-25
108.296.568-04,Curso MOPP,487447647,2023-12-25,2027-03-21,true,005g8000009K1pBAAS,2026-07-27
109.333.639-17,CNH,473289712,2026-05-03,2029-12-05,false,,
109.333.639-17,CPF,701208037,2024-05-08,,false,,
109.333.639-17,Comprovante de Residencia,55099847,2024-07-05,,false,,
109.333.639-17,Curso MOPP,966401198,2022-08-15,2027-02-05,false,,
110.370.710-30,CNH,118439201,2021-03-25,2029-06-26,true,005g8000009K1pBAAS,2026-09-01
110.370.710-30,CPF,915626808,2026-03-13,,true,005g8000009K1pBAAS,2026-04-08
110.370.710-30,Comprovante de Residencia,870973940,2020-07-28,,true,005g8000009K1pBAAS,2026-07-28
110.370.710-30,Curso MOPP,796280484,2023-05-17,2028-02-13,true,005g8000009K1pBAAS,2026-04-11
111.407.781-43,CNH,309626666,2020-11-06,2029-03-14,true,005g8000009K1pBAAS,2026-05-17
111.407.781-43,CPF,90652147,2019-11-17,,false,,
111.407.781-43,Comprovante de Residencia,139156177,2025-01-24,,true,005g8000009K1pBAAS,2026-03-23
111.407.781-43,Curso MOPP,627566417,2024-07-09,2027-03-22,true,005g8000009K1pBAAS,2026-04-28
112.444.852-56,CNH,997119190,2022-06-09,2029-08-20,false,,
112.444.852-56,CPF,730119741,2023-01-24,,false,,
112.444.852-56,Comprovante de Residencia,10347066,2024-07-16,,true,005g8000009K1pBAAS,2026-02-28
112.444.852-56,Curso MOPP,284329827,2021-01-11,2027-03-31,false,,
113.481.923-69,CNH,23040886,2020-12-27,2025-09-25,true,005g8000009K1pBAAS,2026-07-05
113.481.923-69,CPF,119497326,2022-07-26,,true,005g8000009K1pBAAS,2026-08-07
113.481.923-69,Comprovante de Residencia,365726821,2021-01-31,,true,005g8000009K1pBAAS,2026-03-01
113.481.923-69,Contrato MEI (CCMEI),870696770,2022-02-07,2028-12-21,true,005g8000009K1pBAAS,2026-03-23
114.518.994-82,CNH,714688195,2023-02-20,2031-02-28,false,,
114.518.994-82,CPF,356408375,2022-04-10,,false,,
114.518.994-82,Comprovante de Residencia,248947713,2024-10-27,,true,005g8000009K1pBAAS,2026-04-27
114.518.994-82,Contrato MEI (CCMEI),205888863,2022-06-30,2027-01-10,false,,
115.555.065-95,CNH,92623521,2021-06-20,2027-09-01,true,005g8000009K1pBAAS,2026-08-30
115.555.065-95,CPF,219878067,2023-12-19,,true,005g8000009K1pBAAS,2026-08-11
115.555.065-95,Comprovante de Residencia,168631254,2021-04-28,,true,005g8000009K1pBAAS,2026-03-30
115.555.065-95,Contrato MEI (CCMEI),872559082,2023-10-04,2028-02-03,true,005g8000009K1pBAAS,2026-04-22
116.592.136-08,CNH,625418763,2021-08-18,2027-11-13,false,,
116.592.136-08,CPF,118519121,2024-09-12,,false,,
116.592.136-08,Comprovante de Residencia,924405763,2025-05-21,,false,,
116.592.136-08,Contrato MEI (CCMEI),2352214,2022-01-05,2028-05-30,false,,
117.629.207-21,CNH,388365725,2022-01-11,2027-09-28,true,005g8000009K1pBAAS,2026-03-25
117.629.207-21,CPF,587046225,2026-03-20,,true,005g8000009K1pBAAS,2026-03-10
117.629.207-21,Comprovante de Residencia,158208423,2022-02-19,,true,005g8000009K1pBAAS,2026-09-03
117.629.207-21,Contrato MEI (CCMEI),583313813,2024-05-13,2029-01-07,true,005g8000009K1pBAAS,2026-03-20
118.666.278-34,CNH,190711174,2021-07-20,2031-07-03,true,005g8000009K1pBAAS,2026-03-15
118.666.278-34,CPF,670893138,2024-06-09,,true,005g8000009K1pBAAS,2026-05-07
118.666.278-34,Comprovante de Residencia,261964176,2021-03-19,,true,005g8000009K1pBAAS,2026-02-24
118.666.278-34,Contrato MEI (CCMEI),83580028,2021-06-26,2026-08-10,true,005g8000009K1pBAAS,2026-06-30
119.703.349-47,CNH,170084995,2021-05-28,2029-06-29,true,005g8000009K1pBAAS,2026-03-02
119.703.349-47,CPF,998307882,2021-06-23,,true,005g8000009K1pBAAS,2026-05-02
119.703.349-47,Comprovante de Residencia,265692734,2021-12-05,,true,005g8000009K1pBAAS,2026-06-07
119.703.349-47,Contrato MEI (CCMEI),306722808,2025-05-17,2027-04-15,true,005g8000009K1pBAAS,2026-03-31
120.740.420-60,CNH,840217090,2025-01-22,2029-11-07,true,005g8000009K1pBAAS,2026-08-11
120.740.420-60,CPF,5716083,2021-12-04,,true,005g8000009K1pBAAS,2026-02-21
120.740.420-60,Comprovante de Residencia,178716733,2024-07-19,,true,005g8000009K1pBAAS,2026-03-06
120.740.420-60,Contrato MEI (CCMEI),652346662,2021-01-12,2027-11-06,true,005g8000009K1pBAAS,2026-03-14
121.777.491-73,CNH,344711486,2023-06-01,2030-12-23,true,005g8000009K1pBAAS,2026-06-11
121.777.491-73,CPF,659554875,2022-09-17,,true,005g8000009K1pBAAS,2026-07-06
121.777.491-73,Comprovante de Residencia,35667057,2023-08-23,,true,005g8000009K1pBAAS,2026-03-09
121.777.491-73,Contrato MEI (CCMEI),782801802,2020-06-01,2028-06-05,true,005g8000009K1pBAAS,2026-08-15
122.814.562-86,CNH,77688447,2020-05-27,2030-06-10,true,005g8000009K1pBAAS,2026-08-30
122.814.562-86,CPF,137139276,2019-11-05,,true,005g8000009K1pBAAS,2026-06-22
122.814.562-86,Comprovante de Residencia,737762981,2020-03-25,,true,005g8000009K1pBAAS,2026-04-05
122.814.562-86,Contrato MEI (CCMEI),655389227,2024-09-09,2027-09-18,true,005g8000009K1pBAAS,2026-07-29
123.851.633-99,CNH,703962944,2024-05-06,2031-04-12,true,005g8000009K1pBAAS,2026-07-11
123.851.633-99,CPF,125843532,2021-02-20,,true,005g8000009K1pBAAS,2026-03-11
123.851.633-99,Comprovante de Residencia,72704688,2025-02-21,,true,005g8000009K1pBAAS,2026-09-02
123.851.633-99,Contrato MEI (CCMEI),211564250,2024-02-07,2026-07-12,true,005g8000009K1pBAAS,2026-03-16
123.851.633-99,RNTRC / ANTT,542849266,2025-12-31,2028-01-17,true,005g8000009K1pBAAS,2026-08-26
123.851.633-99,Curso MOPP,149257600,2026-02-24,2029-02-05,true,005g8000009K1pBAAS,2026-06-13
124.888.704-12,CNH,865262009,2022-01-17,2026-10-05,false,,
124.888.704-12,CPF,975062209,2024-05-21,,false,,
124.888.704-12,Comprovante de Residencia,899739121,2019-11-28,,false,,
124.888.704-12,Contrato MEI (CCMEI),853576609,2022-12-18,2028-03-30,false,,
124.888.704-12,RNTRC / ANTT,160611426,2024-06-07,2027-02-23,true,005g8000009K1pBAAS,2026-02-18
124.888.704-12,Curso MOPP,296293129,2020-10-26,2028-07-12,false,,
125.925.775-25,CNH,460131196,2026-01-27,2026-10-02,false,,
125.925.775-25,CPF,230396586,2019-12-22,,false,,
125.925.775-25,Comprovante de Residencia,785253496,2020-10-23,,false,,
125.925.775-25,Contrato MEI (CCMEI),508500793,2020-08-02,2029-02-02,false,,
125.925.775-25,RNTRC / ANTT,310939055,2024-09-09,2027-12-11,false,,
125.925.775-25,Curso MOPP,671555239,2022-08-16,2027-10-16,false,,
126.962.846-38,CNH,574049288,2024-09-08,2027-02-06,true,005g8000009K1pBAAS,2026-06-14
126.962.846-38,CPF,554150112,2023-01-23,,true,005g8000009K1pBAAS,2026-09-05
126.962.846-38,Comprovante de Residencia,885583463,2021-12-16,,true,005g8000009K1pBAAS,2026-06-23
126.962.846-38,Contrato MEI (CCMEI),436884551,2021-07-06,2028-07-27,true,005g8000009K1pBAAS,2026-05-21
126.962.846-38,RNTRC / ANTT,277722273,2026-01-21,2027-02-09,true,005g8000009K1pBAAS,2026-05-09
126.962.846-38,Curso MOPP,728757601,2025-03-29,2026-06-10,true,005g8000009K1pBAAS,2026-08-22
127.999.917-51,CNH,751069765,2026-01-22,2026-11-22,true,005g8000009K1pBAAS,2026-09-02
127.999.917-51,CPF,654697284,2025-05-17,,true,005g8000009K1pBAAS,2026-05-08
127.999.917-51,Comprovante de Residencia,628471590,2022-03-26,,true,005g8000009K1pBAAS,2026-07-24
127.999.917-51,Contrato MEI (CCMEI),372731010,2020-03-22,2027-09-26,true,005g8000009K1pBAAS,2026-08-06
127.999.917-51,RNTRC / ANTT,281631324,2020-10-13,2028-05-21,true,005g8000009K1pBAAS,2026-09-01
127.999.917-51,Curso MOPP,558881126,2020-04-04,2026-06-13,true,005g8000009K1pBAAS,2026-04-21
128.036.988-64,CNH,218968923,2025-07-02,2027-06-20,true,005g8000009K1pBAAS,2026-07-05
128.036.988-64,CPF,111397665,2026-01-05,,true,005g8000009K1pBAAS,2026-07-07
128.036.988-64,Comprovante de Residencia,79581885,2026-01-19,,true,005g8000009K1pBAAS,2026-03-16
129.073.059-77,CNH,480319261,2026-03-06,2031-07-16,true,005g8000009K1pBAAS,2026-04-10
129.073.059-77,CPF,341152269,2025-09-09,,false,,
129.073.059-77,Comprovante de Residencia,182123842,2021-11-19,,false,,
130.110.130-90,CNH,78000471,2020-02-01,2026-09-16,false,,
130.110.130-90,CPF,120238036,2025-11-30,,false,,
130.110.130-90,Comprovante de Residencia,635252020,2020-09-09,,true,005g8000009K1pBAAS,2026-04-30
131.147.201-03,CNH,172498020,2021-11-18,2027-05-21,true,005g8000009K1pBAAS,2026-04-04
131.147.201-03,CPF,388699759,2023-04-17,,true,005g8000009K1pBAAS,2026-05-06
131.147.201-03,Comprovante de Residencia,619205826,2020-02-06,,true,005g8000009K1pBAAS,2026-04-01
132.184.272-16,CNH,460847729,2021-01-15,2026-10-01,true,005g8000009K1pBAAS,2026-03-29
132.184.272-16,CPF,863363113,2022-05-26,,true,005g8000009K1pBAAS,2026-08-11
132.184.272-16,Comprovante de Residencia,293421399,2024-06-23,,true,005g8000009K1pBAAS,2026-07-12
133.221.343-29,CNH,623880061,2020-11-20,2027-03-23,true,005g8000009K1pBAAS,2026-03-04
133.221.343-29,CPF,860938245,2020-10-26,,true,005g8000009K1pBAAS,2026-02-20
133.221.343-29,Comprovante de Residencia,553763343,2026-05-01,,true,005g8000009K1pBAAS,2026-07-23
134.258.414-42,CNH,136088399,2024-02-25,2031-05-25,true,005g8000009K1pBAAS,2026-08-15
134.258.414-42,CPF,235568883,2024-11-22,,true,005g8000009K1pBAAS,2026-05-26
134.258.414-42,Comprovante de Residencia,157311267,2022-09-28,,true,005g8000009K1pBAAS,2026-04-30
135.295.485-55,CNH,321659509,2021-02-22,2029-07-26,false,,
135.295.485-55,CPF,468254491,2023-09-29,,false,,
135.295.485-55,Comprovante de Residencia,860910709,2020-03-24,,false,,
136.332.556-68,CNH,534543722,2025-09-21,2031-07-06,true,005g8000009K1pBAAS,2026-06-09
136.332.556-68,CPF,317134680,2022-01-10,,true,005g8000009K1pBAAS,2026-07-18
136.332.556-68,Comprovante de Residencia,933248859,2023-07-25,,true,005g8000009K1pBAAS,2026-08-04
137.369.627-81,CNH,973161294,2021-08-16,2030-12-12,false,,
137.369.627-81,CPF,496585153,2021-04-22,,true,005g8000009K1pBAAS,2026-06-12
137.369.627-81,Comprovante de Residencia,686776130,2021-09-22,,false,,
137.369.627-81,RNTRC / ANTT,539063653,2020-09-20,2029-01-09,false,,
137.369.627-81,Curso MOPP,526616679,2022-06-09,2028-08-01,true,005g8000009K1pBAAS,2026-02-24
138.406.698-94,CNH,624136323,2021-12-23,2026-09-12,true,005g8000009K1pBAAS,2026-05-19
138.406.698-94,CPF,480232483,2020-06-11,,true,005g8000009K1pBAAS,2026-03-31
138.406.698-94,Comprovante de Residencia,922793890,2021-09-16,,true,005g8000009K1pBAAS,2026-04-07
138.406.698-94,RNTRC / ANTT,387008719,2020-11-14,2027-09-12,true,005g8000009K1pBAAS,2026-05-10
138.406.698-94,Curso MOPP,481644008,2022-01-28,2027-11-11,true,005g8000009K1pBAAS,2026-05-11
139.443.769-07,CNH,345860362,2023-02-08,2028-06-04,true,005g8000009K1pBAAS,2026-08-20
139.443.769-07,CPF,513029742,2025-08-10,,true,005g8000009K1pBAAS,2026-05-16
139.443.769-07,Comprovante de Residencia,168100405,2025-05-17,,true,005g8000009K1pBAAS,2026-07-30
139.443.769-07,RNTRC / ANTT,761097254,2024-09-04,2027-06-24,true,005g8000009K1pBAAS,2026-05-26
139.443.769-07,Curso MOPP,980725615,2025-07-03,2028-12-02,true,005g8000009K1pBAAS,2026-03-13
140.480.840-20,CNH,516927536,2024-10-26,2031-03-25,true,005g8000009K1pBAAS,2026-08-16
140.480.840-20,CPF,637666179,2026-04-29,,true,005g8000009K1pBAAS,2026-03-22
140.480.840-20,Comprovante de Residencia,677745582,2022-07-13,,true,005g8000009K1pBAAS,2026-07-03
140.480.840-20,RNTRC / ANTT,562155957,2024-10-29,2028-04-07,true,005g8000009K1pBAAS,2026-07-28
140.480.840-20,Curso MOPP,667092013,2022-09-01,2027-11-27,true,005g8000009K1pBAAS,2026-05-02
141.517.911-33,CNH,635100903,2026-01-14,2031-05-14,true,005g8000009K1pBAAS,2026-03-11
141.517.911-33,CPF,862381027,2025-04-21,,true,005g8000009K1pBAAS,2026-05-19
141.517.911-33,Comprovante de Residencia,863638560,2025-04-14,,true,005g8000009K1pBAAS,2026-09-05
141.517.911-33,RNTRC / ANTT,417538945,2023-11-11,2026-06-27,true,005g8000009K1pBAAS,2026-06-21
141.517.911-33,Curso MOPP,579347939,2023-04-27,2028-12-02,true,005g8000009K1pBAAS,2026-05-12
