Name,RecordTypeId,LT_CPF__c,LT_CNPJ__c,LT_CNH_Number__c,LT_CNH_Category__c,LT_CNH_Expiration__c,LT_Home_Base__r.Unit_Code__c,LT_Driver_Status__c,LT_Onboarding_Date__c,LT_Phone__c,LT_PIX_Key__c,OwnerId,LT_Lead_Driver__r.LT_CPF__c
Diego Lima,012g8000003syWzAAI,101.037.071-13,,45184359875,AB,2029-10-25,ARP-PR,Ativo,2024-07-05,(41) 94621-8455,cleiton.lima@email.com,005g8000009K1pBAAS,
Rafael Ramos,012g8000003syWzAAI,102.074.142-26,,87461065217,AB,2028-11-09,ARP-PR,Ativo,2026-03-13,(43) 94539-6943,102.074.142-26,005g8000009K1pBAAS,
Ivan Cunha,012g8000003syWzAAI,103.111.213-39,,34233831007,B,2027-11-03,TUB-SC,Ativo,2023-10-23,(43) 99742-6298,tiago.rocha@email.com,005g8000009K1pBAAS,
Fernanda Alves,012g8000003syWzAAI,104.148.284-52,,91347083990,AB,2026-04-13,CLB-PR,Suspenso,,(46) 92786-7056,vinicius.dias@email.com,005g8000009K1pBAAS,
Otavio Nascimento,012g8000003syWzAAI,105.185.355-65,,53971988544,C,2027-07-07,CCM-SC,Ativo,2023-10-03,(43) 92644-7275,105.185.355-65,005g8000009K1pBAAS,
Gustavo Santos,012g8000003syWzAAI,106.222.426-78,,44246933841,C,2026-09-16,CXJ-RS,Ativo,2026-06-12,(41) 99824-8292,hugo.costa@email.com,005g8000009K1pBAAS,
Jefferson de Andrade,012g8000003syWzAAI,107.259.497-91,,37039584196,B,2029-12-01,F LOD-PR,Ativo,2025-06-01,(42) 99666-3780,willian.barbosa@email.com,005g8000009K1pBAAS,
Bruno Ferreira,012g8000003syWzAAI,108.296.568-04,,69667098147,B,2025-08-07,CXJ-RS,Suspenso,,(47) 92139-4906,108.296.568-04,005g8000009K1pBAAS,
Marcos Ramos,012g8000003syWzAAI,109.333.639-17,,24108355278,B,2029-12-05,LGS-SC,Documentacao Pendente,,(43) 96447-8052,109.333.639-17,005g8000009K1pBAAS,
Anderson Freitas,012g8000003syWzAAI,110.370.710-30,,11168739733,AB,2029-06-26,F PET-RS,Ativo,2023-12-31,(47) 91387-3324,kleber.nascimento@email.com,005g8000009K1pBAAS,
Everson Martins,012g8000003syWzAAI,111.407.781-43,,47364526086,AB,2029-03-14,NHG-RS,Documentacao Pendente,,(49) 93910-9620,111.407.781-43,005g8000009K1pBAAS,
Bruno Lima,012g8000003syWzAAI,112.444.852-56,,93566462556,AB,2029-08-20,BNU-SC,Em Cadastro,,(45) 96237-7674,112.444.852-56,005g8000009K1pBAAS,
Edson Correia,012g8000003syWxAAI,113.481.923-69,43.743.501/0001-77,84111730775,AB,2025-09-25,SJE-SC,Suspenso,,(42) 97291-4559,leandro.bittencourt@email.com,005g8000009K1pBAAS,124.888.704-12
Ivan Alves,012g8000003syWxAAI,114.518.994-82,44.954.078/0001-06,11898951282,A,2031-02-28,PEL-RS,Inativo,,(45) 92823-5056,juliana.silva@email.com,005g8000009K1pBAAS,
Gustavo Ramos,012g8000003syWxAAI,115.555.065-95,45.165.655/0001-35,31862989840,B,2027-09-01,CLB-PR,Ativo,2023-01-12,(49) 97483-6917,115.555.065-95,005g8000009K1pBAAS,
Anderson Gomes,012g8000003syWxAAI,116.592.136-08,46.376.232/0001-64,14234022761,A,2027-11-13,CAC-PR,Inativo,,(43) 95825-8682,diego.santos@email.com,005g8000009K1pBAAS,
Gustavo Ferreira,012g8000003syWxAAI,117.629.207-21,47.587.809/0001-93,42726102677,B,2027-09-28,TUB-SC,Ativo,2025-04-26,(47) 96929-9710,willian.dias@email.com,005g8000009K1pBAAS,125.925.775-25
Otavio Ribeiro,012g8000003syWxAAI,118.666.278-34,48.798.386/0001-22,63650770426,AB,2031-07-03,F JOI-SC,Ativo,2026-04-19,(44) 99766-3650,118.666.278-34,005g8000009K1pBAAS,124.888.704-12
Luciano Teixeira,012g8000003syWxAAI,119.703.349-47,49.009.963/0001-51,59024327389,A,2029-06-29,ALM-PR,Ativo,2025-08-14,(46) 91574-5853,119.703.349-47,005g8000009K1pBAAS,123.851.633-99
Rogerio Pinto,012g8000003syWxAAI,120.740.420-60,50.220.540/0001-80,68545982785,B,2029-11-07,F BLU-SC,Ativo,2023-01-09,(43) 98211-4117,marcos.pereira@email.com,005g8000009K1pBAAS,
Otavio Souza,012g8000003syWxAAI,121.777.491-73,51.431.117/0001-09,63349272292,AB,2030-12-23,POA-RS,Ativo,2026-04-30,(45) 93763-3352,marcelo.bittencourt@email.com,005g8000009K1pBAAS,
Otavio Alves,012g8000003syWxAAI,122.814.562-86,52.642.694/0001-38,92108460564,A,2030-06-10,CIC-PR,Ativo,2024-10-13,(49) 94417-9709,hugo.dias@email.com,005g8000009K1pBAAS,123.851.633-99
Cesar Cunha,012g8000003syWwAAI,123.851.633-99,53.853.271/0001-67,54217732621,E,2031-04-12,GRV-RS,Ativo,2023-06-25,(41) 94607-3507,123.851.633-99,005g8000009K1pBAAS,
Jonas Alves,012g8000003syWwAAI,124.888.704-12,54.064.848/0001-96,21091746317,C,2026-10-05,LGS-SC,Inativo,,(41) 98812-1578,124.888.704-12,005g8000009K1pBAAS,
Cesar Ramos,012g8000003syWwAAI,125.925.775-25,55.275.425/0001-25,21498677731,E,2026-10-02,CWB 02-PR,Em Cadastro,,(43) 93884-4560,125.925.775-25,005g8000009K1pBAAS,
Leandro Cardoso,012g8000003syWwAAI,126.962.846-38,56.486.002/0001-54,90566421732,D,2027-02-06,CWB 02-PR,Ativo,2023-04-30,(41) 91293-3283,126.962.846-38,005g8000009K1pBAAS,
Adriano Machado,012g8000003syWwAAI,127.999.917-51,57.697.579/0001-83,70480896326,D,2026-11-22,F POA-RS,Ativo,2023-09-25,(45) 91564-3727,127.999.917-51,005g8000009K1pBAAS,
Fabio Carvalho,012g8000003syWvAAI,128.036.988-64,,69436031919,C,2027-06-20,F ARP-PR,Ativo,2023-01-29,(44) 93806-9557,sandra.nascimento@email.com,005g8000009K1pBAAS,
Marcelo Correia,012g8000003syWvAAI,129.073.059-77,,23433061730,C,2031-07-16,CPM-PR,Em Cadastro,,(47) 96861-2051,129.073.059-77,005g8000009K1pBAAS,
Sergio Nunes,012g8000003syWvAAI,130.110.130-90,,57878917626,C,2026-09-16,SJE-SC,Documentacao Pendente,,(47) 98528-4556,130.110.130-90,005g8000009K1pBAAS,123.851.633-99
Willian Barbosa,012g8000003syWvAAI,131.147.201-03,,19245499346,C,2027-05-21,SJE-SC,Ativo,2025-10-15,(46) 91514-1584,131.147.201-03,005g8000009K1pBAAS,
Rudinei Gomes,012g8000003syWvAAI,132.184.272-16,,19881422611,AB,2026-10-01,CCM-SC,Ativo,2024-08-16,(48) 92710-7615,132.184.272-16,005g8000009K1pBAAS,
Jefferson Nunes,012g8000003syWvAAI,133.221.343-29,,23514631920,C,2027-03-23,ARP-PR,Ativo,2026-05-21,(46) 97417-3355,133.221.343-29,005g8000009K1pBAAS,123.851.633-99
Jonas Correia,012g8000003syWvAAI,134.258.414-42,,94050755815,C,2031-05-25,F CNS-RS,Ativo,2023-01-13,(49) 97560-3913,kleber.freitas@email.com,005g8000009K1pBAAS,125.925.775-25
Leandro Souza,012g8000003syWvAAI,135.295.485-55,,59304876787,C,2029-07-26,SJE-SC,Documentacao Pendente,,(41) 97769-2292,135.295.485-55,005g8000009K1pBAAS,127.999.917-51
Fabio Costa,012g8000003syWvAAI,136.332.556-68,,92659855484,B,2031-07-06,BNU-SC,Suspenso,,(49) 95271-5194,sidnei.nascimento@email.com,005g8000009K1pBAAS,126.962.846-38
Rogerio Carvalho,012g8000003syWyAAI,137.369.627-81,,54703124929,D,2030-12-12,STR-RS,Documentacao Pendente,,(49) 94626-7982,rudinei.nunes@email.com,005g8000009K1pBAAS,
Fernando Alves,012g8000003syWyAAI,138.406.698-94,,57784622807,C,2026-09-12,CIC-PR,Ativo,2024-01-29,(42) 96953-6450,138.406.698-94,005g8000009K1pBAAS,
Otavio Nascimento,012g8000003syWyAAI,139.443.769-07,,82975477009,C,2028-06-04,POA-RS,Suspenso,,(43) 91623-8489,139.443.769-07,005g8000009K1pBAAS,
Aline Oliveira,012g8000003syWyAAI,140.480.840-20,,84000626573,C,2031-03-25,PGZ-PR,Ativo,2022-12-05,(44) 91617-5596,juliana.rocha@email.com,005g8000009K1pBAAS,
Fabio Dias,012g8000003syWyAAI,141.517.911-33,,75523628736,E,2031-05-14,STR-RS,Ativo,2025-01-03,(48) 93821-8120,141.517.911-33,005g8000009K1pBAAS,
