LT_Plate__c,LT_Vehicle_Type__c,LT_Brand_Model__c,LT_Model_Year__c,LT_Cargo_Capacity_M3__c,LT_Cargo_Capacity_Packages__c,LT_Owner_Type__c,LT_Driver__r.LT_CPF__c,LT_CRLV_Expiration__c,LT_Insurance_Expiration__c,LT_Vehicle_Status__c,OwnerId
HJB3177,Carro de Passeio,VW Gol,2022,0.48,92,Proprio do Motorista,101.037.071-13,2027-10-04,2026-10-31,Ativo,005g8000009K1pBAAS
TZB0U20,Carro de Passeio,Fiat Argo,2020,0.48,144,Do Parceiro Operacional,105.185.355-65,2027-03-14,,Ativo,005g8000009K1pBAAS
YBL9537,Carro de Passeio,Chevrolet Onix,2015,0.48,144,Alugado,106.222.426-78,2027-05-01,2026-11-04,Ativo,005g8000009K1pBAAS
LXY9K43,Carro de Passeio,Fiat Argo,2025,0.48,110,Proprio do Motorista,107.259.497-91,2027-09-03,2027-07-08,Ativo,005g8000009K1pBAAS
CTF4671,Carro de Passeio,VW Gol,2023,0.48,134,Proprio do Motorista,108.296.568-04,2026-10-28,2027-11-09,Inativo,005g8000009K1pBAAS
THB5F86,Fiorino / Furgao Pequeno,Fiat Fiorino,2019,1.4,376,Da Empresa,109.333.639-17,2027-01-22,,Ativo,005g8000009K1pBAAS
FMZ8843,Fiorino / Furgao Pequeno,Fiat Fiorino,2025,1.4,360,Proprio do Motorista,110.370.710-30,2027-04-11,2027-10-19,Ativo,005g8000009K1pBAAS
UWS3H87,Fiorino / Furgao Pequeno,VW Saveiro,2017,1.4,319,Proprio do Motorista,111.407.781-43,2026-07-23,2027-10-09,Inativo,005g8000009K1pBAAS
KLG1266,Moto,Yamaha Factor 150,2025,0.24,60,Do Parceiro Operacional,113.481.923-69,2026-09-28,2027-04-12,Inativo,005g8000009K1pBAAS
BMC3C81,Moto,Honda CG 160,2021,0.24,60,Do Parceiro Operacional,115.555.065-95,2027-07-28,2027-07-24,Ativo,005g8000009K1pBAAS
LEV5047,Bicicleta / Eletrica,Sense Impulse,2023,0.12,30,Alugado,117.629.207-21,2027-01-11,,Ativo,005g8000009K1pBAAS
HFV6U94,Moto,Honda CG 160,2017,0.24,60,Alugado,118.666.278-34,2027-08-31,2027-09-22,Ativo,005g8000009K1pBAAS
FNA8766,Carro de Passeio,VW Gol,2021,0.48,155,Proprio do Motorista,119.703.349-47,2026-12-12,2026-11-05,Ativo,005g8000009K1pBAAS
ESL6K95,Bicicleta / Eletrica,Sense Impulse,2014,0.12,30,Da Empresa,120.740.420-60,2027-02-14,,Ativo,005g8000009K1pBAAS
LNH3168,Bicicleta / Eletrica,Caloi E-Vibe,2018,0.12,30,Do Parceiro Operacional,121.777.491-73,2027-02-08,2027-08-04,Ativo,005g8000009K1pBAAS
FZA7J13,VUC,JAC T6,2022,6.4,1562,Alugado,123.851.633-99,2027-07-06,2027-06-12,Ativo,005g8000009K1pBAAS
DSH7809,Caminhao 3/4,Mercedes Accelo 815,2021,9.6,2419,Proprio do Motorista,126.962.846-38,2026-11-28,,Ativo,005g8000009K1pBAAS
HPZ2Y15,VUC,JAC T6,2019,6.4,1565,Proprio do Motorista,127.999.917-51,2026-08-18,2026-08-24,Ativo,005g8000009K1pBAAS
GSW9711,VUC,Iveco Daily,2023,6.4,1603,Alugado,130.110.130-90,2027-04-30,,Em Manutencao,005g8000009K1pBAAS
ARZ8H20,VUC,JAC T6,2012,6.4,1575,Do Parceiro Operacional,132.184.272-16,2027-01-16,2026-12-17,Ativo,005g8000009K1pBAAS
YRC6567,Van,Renault Master,2025,3.6,934,Proprio do Motorista,133.221.343-29,2027-06-20,2027-08-09,Ativo,005g8000009K1pBAAS
HFR1K84,VUC,Iveco Daily,2019,6.4,1622,Proprio do Motorista,134.258.414-42,2026-09-18,2027-11-08,Ativo,005g8000009K1pBAAS
YHM1636,Van,Fiat Ducato,2022,3.6,884,Do Parceiro Operacional,135.295.485-55,2027-01-15,2026-10-18,Inativo,005g8000009K1pBAAS
UTR5F92,VUC,JAC T6,2018,6.4,1598,Do Parceiro Operacional,136.332.556-68,2027-09-05,2026-08-23,Ativo,005g8000009K1pBAAS
RAK4793,VUC,JAC T6,2019,6.4,1602,Proprio do Motorista,137.369.627-81,2027-01-01,2026-10-10,Ativo,005g8000009K1pBAAS
JNJ7R00,Caminhao Toco,VW Constellation 17.190,2021,12.0,2973,Alugado,139.443.769-07,2027-06-16,2027-06-15,Inativo,005g8000009K1pBAAS
RAE7461,VUC,JAC T6,2017,6.4,1604,Alugado,140.480.840-20,2027-10-07,2027-09-30,Ativo,005g8000009K1pBAAS
KHP8J90,VUC,Iveco Daily,2024,6.4,1601,Do Parceiro Operacional,141.517.911-33,2026-08-14,2027-05-25,Ativo,005g8000009K1pBAAS
