_tag,LT_Shipment__c,LT_Loss_Reason__c,LT_Responsibility__c,LT_Status__c,LT_Detected_Date__c,LT_Declared_Value__c,LT_Description__c,OwnerId,LT_Responsible_Base__c,LT_Batch_Reference__c,LT_Reimbursement_Value__c,LT_Approved_By__c,LT_Approval_Date__c,LT_Resolution_Notes__c,LT_Reimbursement_Date__c,LT_Responsible_Driver__c,LT_Driver_Charge_Value__c
LOSSBATCH-0000,a0Hg80000012WteEAE,Retido +10 dias,Transporte (SC / MR / Coleta),Aprovado,2026-08-28,100.43,Extravio da remessa apos apuracao. Motivo: Retido +10 dias.,005g8000004iYenAAE,,LOTE-2026-08-001,73.5,005g8000004iYenAAE,2026-09-06,Ressarcimento aprovado apos confirmacao da responsabilidade.,,,
LOSSBATCH-0001,a0Hg80000012WuKEAU,Retido +10 dias,Base,Em Apuracao,2026-08-18,353.22,Extravio da remessa apos apuracao. Motivo: Retido +10 dias.,005g8000004iYenAAE,a0Ag80000048ZOaEAM,LOTE-2026-08-002,,,,,,,
LOSSBATCH-0002,a0Hg80000012Ww9EAE,Retido +10 dias,Cliente / Embarcador,Em Apuracao,2026-08-24,1083.43,Extravio da remessa apos apuracao. Motivo: Retido +10 dias.,005g8000004iYenAAE,,,,,,,,,
LOSSBATCH-0003,a0Hg80000012WqJEAU,Retido +10 dias,Terceiro,Em Aprovacao,2026-07-28,1108.76,Extravio da remessa apos apuracao. Motivo: Retido +10 dias.,005g8000004iYenAAE,,LOTE-2026-07-003,,,,,,,
LOSSBATCH-0004,a0Hg80000012Wu3EAE,Retido +10 dias,Terceiro,Em Apuracao,2026-08-07,1057.23,Extravio da remessa apos apuracao. Motivo: Retido +10 dias.,005g8000004iYenAAE,,,,,,,,,
LOSSBATCH-0005,a0Hg80000012WwGEAU,Retido +10 dias,Transporte (SC / MR / Coleta),Ressarcido,2026-08-05,255.51,Extravio da remessa apos apuracao. Motivo: Retido +10 dias.,005g8000004iYenAAE,,,214.36,005g8000004iYenAAE,2026-08-08,Ressarcimento aprovado apos confirmacao da responsabilidade.,2026-08-30,,
LOSSBATCH-0006,a0Hg80000012WukEAE,Roubo / Furto de Carga,Cliente / Embarcador,Em Apuracao,2026-08-30,27.89,Extravio da remessa apos apuracao. Motivo: Roubo / Furto de Carga.,005g8000004iYenAAE,,,,,,,,,
LOSSBATCH-0007,a0Hg80000012Wu6EAE,Sem Movimentacao +10 dias,Cliente / Embarcador,Em Aprovacao,2026-08-25,358.87,Extravio da remessa apos apuracao. Motivo: Sem Movimentacao +10 dias.,005g8000004iYenAAE,,,,,,,,,
LOSSBATCH-0008,a0Hg80000012WrFEAU,Assinado Nao Recebido,Motorista,Aprovado,2026-08-10,296.68,Extravio da remessa apos apuracao. Motivo: Assinado Nao Recebido.,005g8000004iYenAAE,,,227.78,005g8000004iYenAAE,2026-08-14,Ressarcimento aprovado apos confirmacao da responsabilidade.,,a0Fg8000006qKonEAE,196.66
LOSSBATCH-0009,a0Hg80000012WutEAE,Sem Movimentacao +10 dias,Terceiro,Indeferido,2026-08-02,1100.59,Extravio da remessa apos apuracao. Motivo: Sem Movimentacao +10 dias.,005g8000004iYenAAE,,,,,,Indeferido: sem culpa da LogiTrack (endereco fornecido incorreto pelo cliente).,,,
LOSSBATCH-0010,a0Hg80000012WrrEAE,Retido +10 dias,Cliente / Embarcador,Ressarcido,2026-08-07,442.45,Extravio da remessa apos apuracao. Motivo: Retido +10 dias.,005g8000004iYenAAE,,,317.8,005g8000004iYenAAE,2026-08-18,Ressarcimento aprovado apos confirmacao da responsabilidade.,2026-08-24,,
LOSSBATCH-0011,a0Hg80000012WuuEAE,Retido +10 dias,Cliente / Embarcador,Indeferido,2026-08-28,522.36,Extravio da remessa apos apuracao. Motivo: Retido +10 dias.,005g8000004iYenAAE,,LOTE-2026-08-004,,,,Indeferido: sem culpa da LogiTrack (endereco fornecido incorreto pelo cliente).,,,
LOSSBATCH-0012,a0Hg80000012Wv3EAE,Retido +10 dias,Cliente / Embarcador,Em Apuracao,2026-08-21,788.41,Extravio da remessa apos apuracao. Motivo: Retido +10 dias.,005g8000004iYenAAE,,LOTE-2026-08-005,,,,,,,
LOSSBATCH-0013,a0Hg80000012WtfEAE,Sem Movimentacao +10 dias,Cliente / Embarcador,Ressarcido,2026-07-31,1066.08,Extravio da remessa apos apuracao. Motivo: Sem Movimentacao +10 dias.,005g8000004iYenAAE,,,854.1,005g8000004iYenAAE,2026-08-06,Ressarcimento aprovado apos confirmacao da responsabilidade.,2026-08-21,,
LOSSBATCH-0014,a0Hg80000012WrVEAU,Retido +10 dias,Cliente / Embarcador,Indeferido,2026-07-28,1087.91,Extravio da remessa apos apuracao. Motivo: Retido +10 dias.,005g8000004iYenAAE,,,,,,Indeferido: entrega comprovada por foto e assinatura.,,,
LOSSBATCH-0015,a0Hg80000012WpeEAE,Retido +10 dias,Terceiro,Indeferido,2026-07-28,1009.65,Extravio da remessa apos apuracao. Motivo: Retido +10 dias.,005g8000004iYenAAE,,,,,,Indeferido: sem culpa da LogiTrack (endereco fornecido incorreto pelo cliente).,,,
LOSSBATCH-0016,a0Hg80000012WsHEAU,Sem Movimentacao +10 dias,Cliente / Embarcador,Ressarcido,2026-08-04,808.22,Extravio da remessa apos apuracao. Motivo: Sem Movimentacao +10 dias.,005g8000004iYenAAE,,,597.2,005g8000004iYenAAE,2026-08-16,Ressarcimento aprovado apos confirmacao da responsabilidade.,2026-08-18,,
LOSSBATCH-0017,a0Hg80000012WvFEAU,Sem Movimentacao +10 dias,Terceiro,Ressarcido,2026-08-20,593.42,Extravio da remessa apos apuracao. Motivo: Sem Movimentacao +10 dias.,005g8000004iYenAAE,,,442.28,005g8000004iYenAAE,2026-08-30,Ressarcimento aprovado apos confirmacao da responsabilidade.,2026-09-10,,
LOSSBATCH-0018,a0Hg80000012WrTEAU,Endereco Inexistente,Cliente / Embarcador,Ressarcido,2026-08-07,357.02,Extravio da remessa apos apuracao. Motivo: Endereco Inexistente.,005g8000004iYenAAE,,,323.71,005g8000004iYenAAE,2026-08-11,Ressarcimento aprovado apos confirmacao da responsabilidade.,2026-08-23,,
LOSSBATCH-0019,a0Hg80000012WrSEAU,Assinado Nao Recebido,Motorista,Em Apuracao,2026-08-24,906.77,Extravio da remessa apos apuracao. Motivo: Assinado Nao Recebido.,005g8000004iYenAAE,,LOTE-2026-08-006,,,,,,a0Fg8000006qKopEAE,
LOSSBATCH-0020,a0Hg80000012WtMEAU,Retido +10 dias,Sem Responsavel Definido,Ressarcido,2026-08-22,772.1,Extravio da remessa apos apuracao. Motivo: Retido +10 dias.,005g8000004iYenAAE,,LOTE-2026-08-007,638.15,005g8000004iYenAAE,2026-09-01,Ressarcimento aprovado apos confirmacao da responsabilidade.,2026-09-10,,
LOSSBATCH-0021,a0Hg80000012WvgEAE,PNR - Paguei Nao Recebi,Terceiro,Aprovado,2026-08-22,657.24,Extravio da remessa apos apuracao. Motivo: PNR - Paguei Nao Recebi.,005g8000004iYenAAE,,,550.05,005g8000004iYenAAE,2026-08-30,Ressarcimento aprovado apos confirmacao da responsabilidade.,,,
LOSSBATCH-0022,a0Hg80000012WunEAE,Retido +10 dias,Transporte (SC / MR / Coleta),Em Aprovacao,2026-09-02,811.15,Extravio da remessa apos apuracao. Motivo: Retido +10 dias.,005g8000004iYenAAE,,LOTE-2026-09-008,,,,,,,
LOSSBATCH-0023,a0Hg80000012Wq9EAE,Sem Movimentacao +10 dias,Transporte (SC / MR / Coleta),Ressarcido,2026-08-10,466.82,Extravio da remessa apos apuracao. Motivo: Sem Movimentacao +10 dias.,005g8000004iYenAAE,,,456.1,005g8000004iYenAAE,2026-08-19,Ressarcimento aprovado apos confirmacao da responsabilidade.,2026-09-07,,
