LT_Approved_By__c,LT_Bonus_Adjustment__c,LT_Destination_Unit__r.Unit_Code__c,LT_Distance_Km__c,LT_Driver__c,LT_Manifest_Type__c,LT_Notes__c,LT_Origin_Unit__r.Unit_Code__c,LT_Payment_Date__c,LT_Payment_Status__c,LT_Rate_Per_Package__c,LT_Reference_Date__c,OwnerId
005g8000004iYenAAE,0,,,a0Fg8000006qKpEEAU,Coleta (First Mile),BATCH-0001,PR SJS,2026-09-08,Pago,0.64,2026-08-31,005g8000009K1pBAAS
,40,,,a0Fg8000006qKpEEAU,Coleta (First Mile),BATCH-0002,PR SJS,,Em Conferencia,1.26,2026-08-17,005g8000009K1pBAAS
005g8000004iYenAAE,0,,,a0Fg8000006qKpEEAU,Coleta (First Mile),BATCH-0003,PR SJS,2026-08-30,Pago,0.78,2026-08-20,005g8000009K1pBAAS
005g8000004iYenAAE,25,,,a0Fg8000006qKpEEAU,Coleta (First Mile),BATCH-0004,PR SJS,2026-09-21,Pago,0.45,2026-09-02,005g8000009K1pBAAS
,0,,,a0Fg8000006qKpEEAU,Coleta (First Mile),BATCH-0005,PR SJS,,Em Conferencia,1.15,2026-08-19,005g8000009K1pBAAS
005g8000004iYenAAE,40,,,a0Fg8000006qKpEEAU,Coleta (First Mile),BATCH-0006,PR SJS,2026-08-11,Pago,0.89,2026-08-03,005g8000009K1pBAAS
005g8000004iYenAAE,0,,,a0Fg8000006qKpEEAU,Coleta (First Mile),BATCH-0007,PR SJS,2026-08-17,Pago,1.08,2026-08-03,005g8000009K1pBAAS
,40,,,a0Fg8000006qKpEEAU,Coleta (First Mile),BATCH-0008,PR SJS,,Rejeitado,0.76,2026-08-24,005g8000009K1pBAAS
005g8000004iYenAAE,0,,,a0Fg8000006qKpHEAU,Coleta (First Mile),BATCH-0009,SC BNU,2026-08-17,Pago,0.7,2026-08-04,005g8000009K1pBAAS
,-15,,,a0Fg8000006qKpHEAU,Coleta (First Mile),BATCH-0010,SC BNU,,Em Conferencia,0.58,2026-08-27,005g8000009K1pBAAS
005g8000004iYenAAE,0,,,a0Fg8000006qKpHEAU,Coleta (First Mile),BATCH-0011,SC BNU,2026-09-08,Pago,0.96,2026-08-23,005g8000009K1pBAAS
005g8000004iYenAAE,25,,,a0Fg8000006qKpHEAU,Coleta (First Mile),BATCH-0012,SC BNU,,Aprovado,0.87,2026-08-23,005g8000009K1pBAAS
005g8000004iYenAAE,40,,,a0Fg8000006qKpHEAU,Coleta (First Mile),BATCH-0013,SC BNU,2026-08-27,Pago,0.76,2026-08-13,005g8000009K1pBAAS
,0,,,a0Fg8000006qKpHEAU,Coleta (First Mile),BATCH-0014,SC BNU,,Em Conferencia,0.53,2026-08-24,005g8000009K1pBAAS
,0,,,a0Fg8000006qKpHEAU,Coleta (First Mile),BATCH-0015,SC BNU,,Em Conferencia,0.6,2026-08-06,005g8000009K1pBAAS
,-15,,,a0Fg8000006qKpIEAU,Coleta (First Mile),BATCH-0016,SC BNU,,Rejeitado,0.99,2026-08-11,005g8000009K1pBAAS
005g8000004iYenAAE,0,,,a0Fg8000006qKpIEAU,Coleta (First Mile),BATCH-0017,SC BNU,,Aprovado,0.86,2026-09-03,005g8000009K1pBAAS
005g8000004iYenAAE,0,,,a0Fg8000006qKpIEAU,Coleta (First Mile),BATCH-0018,SC BNU,2026-09-13,Pago,0.56,2026-09-03,005g8000009K1pBAAS
,25,,,a0Fg8000006qKpIEAU,Coleta (First Mile),BATCH-0019,SC BNU,,Rejeitado,0.75,2026-08-29,005g8000009K1pBAAS
,0,,,a0Fg8000006qKpIEAU,Coleta (First Mile),BATCH-0020,SC BNU,,Em Conferencia,0.89,2026-08-09,005g8000009K1pBAAS
005g8000004iYenAAE,0,,,a0Fg8000006qKpIEAU,Coleta (First Mile),BATCH-0021,SC BNU,2026-08-18,Pago,0.79,2026-07-29,005g8000009K1pBAAS
,0,,,a0Fg8000006qKpIEAU,Coleta (First Mile),BATCH-0022,SC BNU,,Em Conferencia,1.29,2026-08-05,005g8000009K1pBAAS
005g8000004iYenAAE,0,,,a0Fg8000006qKpJEAU,Coleta (First Mile),BATCH-0023,PR SJS,2026-08-13,Pago,1.3,2026-07-30,005g8000009K1pBAAS
005g8000004iYenAAE,0,,,a0Fg8000006qKpJEAU,Coleta (First Mile),BATCH-0024,PR SJS,,Aprovado,0.82,2026-08-28,005g8000009K1pBAAS
005g8000004iYenAAE,-15,,,a0Fg8000006qKpJEAU,Coleta (First Mile),BATCH-0025,PR SJS,,Aprovado,0.91,2026-08-10,005g8000009K1pBAAS
,0,,,a0Fg8000006qKpJEAU,Coleta (First Mile),BATCH-0026,PR SJS,,Em Conferencia,1.02,2026-08-12,005g8000009K1pBAAS
005g8000004iYenAAE,25,,,a0Fg8000006qKpJEAU,Coleta (First Mile),BATCH-0027,PR SJS,2026-08-31,Pago,1.21,2026-08-26,005g8000009K1pBAAS
005g8000004iYenAAE,0,,,a0Fg8000006qKpKEAU,Coleta (First Mile),BATCH-0028,RS NSR,2026-09-18,Pago,0.65,2026-09-03,005g8000009K1pBAAS
005g8000004iYenAAE,-15,,,a0Fg8000006qKpKEAU,Coleta (First Mile),BATCH-0029,RS NSR,2026-08-24,Pago,1.07,2026-08-17,005g8000009K1pBAAS
,40,,,a0Fg8000006qKpKEAU,Coleta (First Mile),BATCH-0030,RS NSR,,Em Conferencia,0.8,2026-09-05,005g8000009K1pBAAS
005g8000004iYenAAE,0,,,a0Fg8000006qKpKEAU,Coleta (First Mile),BATCH-0031,RS NSR,2026-08-19,Pago,1.14,2026-08-01,005g8000009K1pBAAS
005g8000004iYenAAE,25,,,a0Fg8000006qKpKEAU,Coleta (First Mile),BATCH-0032,RS NSR,,Aprovado,0.96,2026-08-08,005g8000009K1pBAAS
005g8000004iYenAAE,0,BNU-SC,72,a0Fg8000006qKpOEAU,Mini Transferencia (MR),BATCH-0033,PR SJS,2026-09-12,Pago,0.73,2026-09-04,005g8000009K1pBAAS
005g8000004iYenAAE,40,BNU-SC,72,a0Fg8000006qKpOEAU,Mini Transferencia (MR),BATCH-0034,PR SJS,2026-08-19,Pago,0.58,2026-08-05,005g8000009K1pBAAS
005g8000004iYenAAE,0,PEL-RS,72,a0Fg8000006qKpOEAU,Mini Transferencia (MR),BATCH-0035,PR SJS,2026-08-23,Pago,0.72,2026-08-16,005g8000009K1pBAAS
005g8000004iYenAAE,25,BNU-SC,72,a0Fg8000006qKpQEAU,Mini Transferencia (MR),BATCH-0036,PR SJS,2026-09-18,Pago,0.34,2026-09-04,005g8000009K1pBAAS
,0,POA-RS,240,a0Fg8000006qKpQEAU,Mini Transferencia (MR),BATCH-0037,PR SJS,,Rejeitado,0.7,2026-08-02,005g8000009K1pBAAS
005g8000004iYenAAE,0,CWB 02-PR,190,a0Fg8000006qKpQEAU,Mini Transferencia (MR),BATCH-0038,PR SJS,,Aprovado,0.31,2026-08-11,005g8000009K1pBAAS
,40,POA-RS,72,a0Fg8000006qKpREAU,Mini Transferencia (MR),BATCH-0039,RS NSR,,Rejeitado,0.36,2026-08-10,005g8000009K1pBAAS
,0,CWB 02-PR,85,a0Fg8000006qKpREAU,Mini Transferencia (MR),BATCH-0040,RS NSR,,Rejeitado,0.65,2026-08-08,005g8000009K1pBAAS
