RecordTypeId,Subject,Description,Status,Priority,Origin,LT_Customer_Channel__c,LT_Marketplace__c,LT_Shipment__c,LT_Base__c,OwnerId,LT_Driver_Involved__c,LT_First_Response_Date__c,LT_Forwarded_To_Driver_Date__c,LT_Driver_Response_Deadline__c,LT_Root_Cause__c,LT_PNR_Flag__c,LT_Reimbursement_Value__c,LT_Driver_Penalized__c
012g8000003syqIAAQ,Assinado nao recebido - cliente nao recebeu o pacote,Chamado registrado pelo SAC. Assinado nao recebido - cliente nao recebeu o pacote.,Closed,Medium,Phone,Telefone,Mercado Livre,a0Hg80000012Ws5EAE,a0Ag80000048ZO6EAM,005g8000004iYenAAE,a0Fg8000006qKooEAE,2026-08-29T11:00:00.000Z,2026-08-30T12:00:00.000Z,2026-09-01T12:00:00.000Z,Endereco Incorreto,,,
012g8000003syqIAAQ,Assinado nao recebido - cliente nao recebeu o pacote,Chamado registrado pelo SAC. Assinado nao recebido - cliente nao recebeu o pacote.,Working,Medium,Web,App do Cliente,Shein,a0Hg80000012WupEAE,a0Ag80000048ZOAEA2,005g8000004iYenAAE,a0Fg8000006qKpIEAU,2026-09-02T13:00:00.000Z,2026-09-03T12:00:00.000Z,2026-09-05T12:00:00.000Z,,,,
012g8000003syqIAAQ,Assinado nao recebido - cliente nao recebeu o pacote,Chamado registrado pelo SAC. Assinado nao recebido - cliente nao recebeu o pacote.,New,Medium,Phone,App do Cliente,TikTok Shop,a0Hg80000012WsIEAU,a0Ag80000048ZO6EAM,005g8000004iYenAAE,a0Fg8000006qKonEAE,,,,,,,
012g8000003syqIAAQ,Assinado nao recebido - cliente nao recebeu o pacote,Chamado registrado pelo SAC. Assinado nao recebido - cliente nao recebeu o pacote.,Closed,Medium,Web,App do Cliente,Amazon,a0Hg80000012WsTEAU,a0Ag80000048ZOCEA2,005g8000004iYenAAE,a0Fg8000006qKp1EAE,2026-08-22T13:00:00.000Z,2026-08-23T12:00:00.000Z,2026-08-25T12:00:00.000Z,Problema Sistemico,,,
012g8000003syqIAAQ,Assinado nao recebido - cliente nao recebeu o pacote,Chamado registrado pelo SAC. Assinado nao recebido - cliente nao recebeu o pacote.,Closed,High,Phone,Chat,TikTok Shop,a0Hg80000012WsbEAE,a0Ag80000048ZOBEA2,005g8000004iYenAAE,a0Fg8000006qKp8EAE,2026-08-14T13:00:00.000Z,2026-08-15T12:00:00.000Z,2026-08-17T12:00:00.000Z,Problema Sistemico,,,
012g8000003syqIAAQ,Assinado nao recebido - cliente nao recebeu o pacote,Chamado registrado pelo SAC. Assinado nao recebido - cliente nao recebeu o pacote.,Escalated,High,Phone,E-mail,Mercado Livre,a0Hg80000012WsjEAE,a0Ag80000048ZO6EAM,005g8000004iYenAAE,a0Fg8000006qKpJEAU,2026-08-21T11:00:00.000Z,2026-08-22T12:00:00.000Z,2026-08-24T12:00:00.000Z,,true,,
012g8000003syqIAAQ,Assinado nao recebido - cliente nao recebeu o pacote,Chamado registrado pelo SAC. Assinado nao recebido - cliente nao recebeu o pacote.,Escalated,Medium,Phone,Chat,Magalu,a0Hg80000012Ws8EAE,a0Ag80000048ZPNEA2,005g8000004iYenAAE,a0Fg8000006qKowEAE,2026-08-23T14:00:00.000Z,2026-08-24T12:00:00.000Z,2026-08-26T12:00:00.000Z,,true,,
012g8000003syqIAAQ,Assinado nao recebido - cliente nao recebeu o pacote,Chamado registrado pelo SAC. Assinado nao recebido - cliente nao recebeu o pacote.,Closed,Medium,Email,App do Cliente,Magalu,a0Hg80000012WseEAE,a0Ag80000048ZOaEAM,005g8000004iYenAAE,a0Fg8000006qKpKEAU,2026-08-23T13:00:00.000Z,2026-08-24T12:00:00.000Z,2026-08-26T12:00:00.000Z,Avaria em Transporte,,,
012g8000003syqIAAQ,Assinado nao recebido - cliente nao recebeu o pacote,Chamado registrado pelo SAC. Assinado nao recebido - cliente nao recebeu o pacote.,Escalated,Medium,Phone,Marketplace,Mercado Livre,a0Hg80000012WspEAE,a0Ag80000048ZOCEA2,005g8000004iYenAAE,a0Fg8000006qKp1EAE,2026-08-22T14:00:00.000Z,2026-08-23T12:00:00.000Z,2026-08-25T12:00:00.000Z,,true,,
012g8000003syqIAAQ,Assinado nao recebido - cliente nao recebeu o pacote,Chamado registrado pelo SAC. Assinado nao recebido - cliente nao recebeu o pacote.,New,Medium,Email,Telefone,Shopee,a0Hg80000012WsOEAU,a0Ag80000048ZQdEAM,005g8000004iYenAAE,a0Fg8000006qKopEAE,,,,,,,
012g8000003syqHAAQ,Solicitacao de agilizacao da entrega,Chamado registrado pelo SAC. Solicitacao de agilizacao da entrega.,Working,Low,Web,Chat,Mercado Livre,a0Hg80000012WsLEAU,a0Ag80000048ZOaEAM,005g8000004iYenAAE,,2026-08-26T16:00:00.000Z,,,,,,
012g8000003syqHAAQ,Solicitacao de agilizacao da entrega,Chamado registrado pelo SAC. Solicitacao de agilizacao da entrega.,New,Low,Phone,Marketplace,Amazon,a0Hg80000012WtCEAU,a0Ag80000048ZO6EAM,005g8000004iYenAAE,,,,,,,,
012g8000003syqHAAQ,Solicitacao de agilizacao da entrega,Chamado registrado pelo SAC. Solicitacao de agilizacao da entrega.,Closed,Low,Email,Telefone,Magalu,a0Hg80000012WrvEAE,a0Ag80000048ZOAEA2,005g8000004iYenAAE,,2026-09-06T13:00:00.000Z,,,Sem Culpa da LogiTrack,,,
012g8000003syqHAAQ,Solicitacao de agilizacao da entrega,Chamado registrado pelo SAC. Solicitacao de agilizacao da entrega.,Escalated,High,Email,App do Cliente,Shein,a0Hg80000012Ww5EAE,a0Ag80000048ZPNEA2,005g8000004iYenAAE,,2026-08-17T11:00:00.000Z,,,,,,
012g8000003syqHAAQ,Solicitacao de agilizacao da entrega,Chamado registrado pelo SAC. Solicitacao de agilizacao da entrega.,Escalated,Medium,Phone,App do Cliente,Magalu,a0Hg80000012WtBEAU,a0Ag80000048ZOPEA2,005g8000004iYenAAE,,2026-08-15T16:00:00.000Z,,,,,,
012g8000003syqHAAQ,Solicitacao de agilizacao da entrega,Chamado registrado pelo SAC. Solicitacao de agilizacao da entrega.,Escalated,Medium,Phone,E-mail,TikTok Shop,a0Hg80000012WqbEAE,a0Ag80000048ZPFEA2,005g8000004iYenAAE,,2026-08-20T15:00:00.000Z,,,,,,
012g8000003syqHAAQ,Solicitacao de agilizacao da entrega,Chamado registrado pelo SAC. Solicitacao de agilizacao da entrega.,New,Medium,Web,E-mail,Amazon,a0Hg80000012WsUEAU,a0Ag80000048ZQYEA2,005g8000004iYenAAE,,,,,,,,
012g8000003syqHAAQ,Solicitacao de agilizacao da entrega,Chamado registrado pelo SAC. Solicitacao de agilizacao da entrega.,Escalated,Medium,Phone,E-mail,Shein,a0Hg80000012Ws0EAE,a0Ag80000048ZOCEA2,005g8000004iYenAAE,,2026-09-05T14:00:00.000Z,,,,,,
012g8000003syqJAAQ,Pacote entregue avariado,Chamado registrado pelo SAC. Pacote entregue avariado.,Closed,Medium,Phone,App do Cliente,Shopee,a0Hg80000012WsDEAU,a0Ag80000048ZOaEAM,005g8000004iYenAAE,a0Fg8000006qKpKEAU,2026-08-25T12:00:00.000Z,,,Falha do Motorista,,664.89,
012g8000003syqJAAQ,Pacote entregue avariado,Chamado registrado pelo SAC. Pacote entregue avariado.,New,High,Phone,Chat,Amazon,a0Hg80000012WrnEAE,a0Ag80000048ZQdEAM,005g8000004iYenAAE,a0Fg8000006qKp3EAE,,,,,,,
012g8000003syqJAAQ,Pacote entregue avariado,Chamado registrado pelo SAC. Pacote entregue avariado.,New,Low,Phone,App do Cliente,Shopee,a0Hg80000012WsaEAE,a0Ag80000048ZO6EAM,005g8000004iYenAAE,a0Fg8000006qKooEAE,,,,,,,
012g8000003syqJAAQ,Pacote entregue avariado,Chamado registrado pelo SAC. Pacote entregue avariado.,Closed,High,Web,Marketplace,Shopee,a0Hg80000012WpdEAE,a0Ag80000048ZO6EAM,005g8000004iYenAAE,a0Fg8000006qKooEAE,2026-08-31T15:00:00.000Z,,,Falha da Base,,859.58,
012g8000003syqJAAQ,Pacote entregue avariado,Chamado registrado pelo SAC. Pacote entregue avariado.,Closed,High,Email,Marketplace,Mercado Livre,a0Hg80000012WsTEAU,a0Ag80000048ZOCEA2,005g8000004iYenAAE,a0Fg8000006qKp1EAE,2026-08-25T15:00:00.000Z,,,Avaria em Transporte,,1099.23,
012g8000003syqJAAQ,Pacote entregue avariado,Chamado registrado pelo SAC. Pacote entregue avariado.,Closed,Medium,Web,App do Cliente,TikTok Shop,a0Hg80000012WseEAE,a0Ag80000048ZOaEAM,005g8000004iYenAAE,a0Fg8000006qKpKEAU,2026-08-29T15:00:00.000Z,,,Endereco Incorreto,,138.01,
012g8000003syqLAAQ,Reclamacao sobre postura do motorista,Chamado registrado pelo SAC. Reclamacao sobre postura do motorista.,Working,High,Email,Marketplace,Amazon,a0Hg80000012WspEAE,a0Ag80000048ZOCEA2,005g8000004iYenAAE,a0Fg8000006qKp1EAE,2026-08-20T16:00:00.000Z,,,,,,
012g8000003syqLAAQ,Reclamacao sobre postura do motorista,Chamado registrado pelo SAC. Reclamacao sobre postura do motorista.,Closed,Medium,Email,Chat,Shopee,a0Hg80000012WruEAE,a0Ag80000048ZO5EAM,005g8000004iYenAAE,a0Fg8000006qKp5EAE,2026-09-06T14:00:00.000Z,,,Endereco Incorreto,,,
012g8000003syqLAAQ,Reclamacao sobre postura do motorista,Chamado registrado pelo SAC. Reclamacao sobre postura do motorista.,Closed,High,Phone,Telefone,Shopee,a0Hg80000012WsIEAU,a0Ag80000048ZO6EAM,005g8000004iYenAAE,a0Fg8000006qKonEAE,2026-08-14T11:00:00.000Z,,,Falha do Motorista,,,true
012g8000003syqLAAQ,Reclamacao sobre postura do motorista,Chamado registrado pelo SAC. Reclamacao sobre postura do motorista.,New,Medium,Phone,Chat,Shein,a0Hg80000012WsfEAE,a0Ag80000048ZPFEA2,005g8000004iYenAAE,a0Fg8000006qKotEAE,,,,,,,
012g8000003syqLAAQ,Reclamacao sobre postura do motorista,Chamado registrado pelo SAC. Reclamacao sobre postura do motorista.,Closed,Medium,Phone,App do Cliente,Mercado Livre,a0Hg80000012WtBEAU,a0Ag80000048ZOPEA2,005g8000004iYenAAE,a0Fg8000006qKp6EAE,2026-09-03T12:00:00.000Z,,,Falha do Motorista,,,true
012g8000003syqLAAQ,Reclamacao sobre postura do motorista,Chamado registrado pelo SAC. Reclamacao sobre postura do motorista.,Closed,Medium,Web,Telefone,Shein,a0Hg80000012WuHEAU,a0Ag80000048ZPBEA2,005g8000004iYenAAE,a0Fg8000006qKp4EAE,2026-08-16T12:00:00.000Z,,,Avaria em Transporte,,,
012g8000003syqKAAQ,PNR - paguei e nao recebi,Chamado registrado pelo SAC. PNR - paguei e nao recebi.,Escalated,High,Phone,App do Cliente,Shopee,a0Hg80000012WukEAE,a0Ag80000048ZOBEA2,005g8000004iYenAAE,,2026-08-27T11:00:00.000Z,,,Falha da Base,true,27.89,
012g8000003syqKAAQ,PNR - paguei e nao recebi,Chamado registrado pelo SAC. PNR - paguei e nao recebi.,Closed,Low,Phone,Telefone,Mercado Livre,a0Hg80000012Wv7EAE,a0Ag80000048ZOBEA2,005g8000004iYenAAE,,2026-08-25T16:00:00.000Z,,,Falha da Base,true,1024.09,
012g8000003syqKAAQ,PNR - paguei e nao recebi,Chamado registrado pelo SAC. PNR - paguei e nao recebi.,Escalated,High,Email,E-mail,TikTok Shop,a0Hg80000012WuUEAU,a0Ag80000048ZQdEAM,005g8000004iYenAAE,,2026-08-26T12:00:00.000Z,,,Endereco Incorreto,true,1121.5,
012g8000003syqKAAQ,PNR - paguei e nao recebi,Chamado registrado pelo SAC. PNR - paguei e nao recebi.,Escalated,Medium,Email,Chat,Magalu,a0Hg80000012Wr0EAE,a0Ag80000048ZOCEA2,005g8000004iYenAAE,,2026-08-13T12:00:00.000Z,,,Problema Sistemico,true,1018.62,
