LT_Shipment__c,LT_Driver__c,LT_Attempt_Number__c,LT_Attempt_DateTime__c,LT_Result__c,LT_Recipient_Doc__c,LT_Recipient_Relationship__c,LT_Notes__c,LT_Route__c
a0Hg80000012WpdEAE,a0Fg8000006qKonEAE,1,2026-08-10T13:00:00.000Z,Entregue,864.235.367-17,Familiar,,a0Ng800000eSdkeEAC
a0Hg80000012WtuEAE,a0Fg8000006qKonEAE,2,2026-08-10T13:00:00.000Z,Destinatario Ausente,,,Nova tentativa a agendar.,a0Ng800000eSdkeEAC
a0Hg80000012WvqEAE,a0Fg8000006qKonEAE,3,2026-08-10T12:00:00.000Z,Entregue,334.229.241-54,Porteiro,,a0Ng800000eSdkeEAC
a0Hg80000012WrBEAU,a0Fg8000006qKonEAE,4,2026-08-10T11:00:00.000Z,Estabelecimento Fechado,,,Nova tentativa a agendar.,a0Ng800000eSdkeEAC
a0Hg80000012WrzEAE,a0Fg8000006qKonEAE,1,2026-08-27T12:00:00.000Z,Estabelecimento Fechado,,,Nova tentativa a agendar.,a0Ng800000eSdkfEAC
a0Hg80000012WtCEAU,a0Fg8000006qKonEAE,2,2026-08-27T15:00:00.000Z,Recusado pelo Destinatario,,,Nova tentativa a agendar.,a0Ng800000eSdkfEAC
a0Hg80000012Ws6EAE,a0Fg8000006qKonEAE,4,2026-08-27T12:00:00.000Z,Endereco Nao Localizado,,,Nova tentativa a agendar.,a0Ng800000eSdkfEAC
a0Hg80000012WsIEAU,a0Fg8000006qKonEAE,1,2026-09-04T11:00:00.000Z,Entregue,526.244.940-33,Familiar,,a0Ng800000eSdkgEAC
a0Hg80000012WrFEAU,a0Fg8000006qKonEAE,2,2026-09-04T13:00:00.000Z,Recusado pelo Destinatario,,,Nova tentativa a agendar.,a0Ng800000eSdkgEAC
a0Hg80000012WsaEAE,a0Fg8000006qKooEAE,1,2026-08-22T16:00:00.000Z,Entregue,509.334.936-68,Familiar,,a0Ng800000eSdkiEAC
a0Hg80000012Ws5EAE,a0Fg8000006qKooEAE,1,2026-08-28T13:00:00.000Z,Entregue,237.878.284-45,Vizinho,,a0Ng800000eSdkjEAC
a0Hg80000012Wt8EAE,a0Fg8000006qKopEAE,1,2026-08-14T10:00:00.000Z,Estabelecimento Fechado,,,Nova tentativa a agendar.,a0Ng800000eSdkkEAC
a0Hg80000012WskEAE,a0Fg8000006qKopEAE,2,2026-08-14T10:00:00.000Z,Entregue,294.810.911-42,Vizinho,,a0Ng800000eSdkkEAC
a0Hg80000012WsNEAU,a0Fg8000006qKopEAE,1,2026-08-14T12:00:00.000Z,Entregue,777.797.755-61,Familiar,,a0Ng800000eSdkmEAC
a0Hg80000012WsXEAU,a0Fg8000006qKopEAE,2,2026-08-14T15:00:00.000Z,Entregue,923.476.154-41,Porteiro,,a0Ng800000eSdkmEAC
a0Hg80000012WsOEAU,a0Fg8000006qKopEAE,3,2026-08-14T14:00:00.000Z,Entregue,669.874.125-74,Porteiro,,a0Ng800000eSdkmEAC
a0Hg80000012WuUEAU,a0Fg8000006qKopEAE,4,2026-08-14T13:00:00.000Z,Entregue,182.982.489-99,Proprio,,a0Ng800000eSdkmEAC
a0Hg80000012WsMEAU,a0Fg8000006qKorEAE,1,2026-08-11T14:00:00.000Z,Estabelecimento Fechado,,,Nova tentativa a agendar.,a0Ng800000eSdknEAC
a0Hg80000012WqkEAE,a0Fg8000006qKorEAE,2,2026-08-11T14:00:00.000Z,Destinatario Ausente,,,Nova tentativa a agendar.,a0Ng800000eSdknEAC
a0Hg80000012WsSEAU,a0Fg8000006qKorEAE,1,2026-08-19T12:00:00.000Z,Recusado pelo Destinatario,,,Nova tentativa a agendar.,a0Ng800000eSdkoEAC
a0Hg80000012Ws3EAE,a0Fg8000006qKorEAE,2,2026-08-19T17:00:00.000Z,Endereco Nao Localizado,,,Nova tentativa a agendar.,a0Ng800000eSdkoEAC
a0Hg80000012WppEAE,a0Fg8000006qKorEAE,2,2026-08-20T10:00:00.000Z,Estabelecimento Fechado,,,Nova tentativa a agendar.,a0Ng800000eSdkpEAC
a0Hg80000012WrvEAE,a0Fg8000006qKorEAE,1,2026-09-02T12:00:00.000Z,Estabelecimento Fechado,,,Nova tentativa a agendar.,a0Ng800000eSdkqEAC
a0Hg80000012WrwEAE,a0Fg8000006qKorEAE,2,2026-09-02T15:00:00.000Z,Entregue,205.479.624-98,Vizinho,,a0Ng800000eSdkqEAC
a0Hg80000012WwGEAU,a0Fg8000006qKosEAE,1,2026-09-02T11:00:00.000Z,Estabelecimento Fechado,,,Nova tentativa a agendar.,a0Ng800000eSdkrEAC
a0Hg80000012WroEAE,a0Fg8000006qKosEAE,2,2026-09-02T13:00:00.000Z,Destinatario Ausente,,,Nova tentativa a agendar.,a0Ng800000eSdkrEAC
a0Hg80000012WsnEAE,a0Fg8000006qKp1EAE,1,2026-08-28T08:00:00.000Z,Entregue,241.361.360-84,Familiar,,a0Ng800000eSdkuEAC
a0Hg80000012WspEAE,a0Fg8000006qKp1EAE,2,2026-08-28T11:00:00.000Z,Entregue,590.554.511-88,Vizinho,,a0Ng800000eSdkuEAC
a0Hg80000012WrDEAU,a0Fg8000006qKp1EAE,3,2026-08-28T13:00:00.000Z,Estabelecimento Fechado,,,Nova tentativa a agendar.,a0Ng800000eSdkuEAC
a0Hg80000012WruEAE,a0Fg8000006qKp5EAE,1,2026-08-10T09:00:00.000Z,Entregue,444.829.481-25,Familiar,,a0Ng800000eSdkwEAC
a0Hg80000012Ws7EAE,a0Fg8000006qKp5EAE,2,2026-08-10T11:00:00.000Z,Entregue,433.927.948-88,Proprio,,a0Ng800000eSdkwEAC
a0Hg80000012Wv3EAE,a0Fg8000006qKp7EAE,1,2026-08-12T15:00:00.000Z,Destinatario Ausente,,,Nova tentativa a agendar.,a0Ng800000eSdkyEAC
a0Hg80000012WqvEAE,a0Fg8000006qKp7EAE,2,2026-08-12T15:00:00.000Z,Estabelecimento Fechado,,,Nova tentativa a agendar.,a0Ng800000eSdkyEAC
a0Hg80000012WscEAE,a0Fg8000006qKp7EAE,3,2026-08-12T16:00:00.000Z,Estabelecimento Fechado,,,Nova tentativa a agendar.,a0Ng800000eSdkyEAC
a0Hg80000012WvKEAU,a0Fg8000006qKp7EAE,4,2026-08-12T11:00:00.000Z,Destinatario Ausente,,,Nova tentativa a agendar.,a0Ng800000eSdkyEAC
a0Hg80000012Ww4EAE,a0Fg8000006qKpCEAU,1,2026-08-29T13:00:00.000Z,Destinatario Ausente,,,Nova tentativa a agendar.,a0Ng800000eSdkzEAC
a0Hg80000012Wr3EAE,a0Fg8000006qKpCEAU,2,2026-08-29T09:00:00.000Z,Recusado pelo Destinatario,,,Nova tentativa a agendar.,a0Ng800000eSdkzEAC
a0Hg80000012WsVEAU,a0Fg8000006qKpEEAU,1,2026-08-31T11:00:00.000Z,Entregue,299.443.755-52,Vizinho,,a0Ng800000eSdl1EAC
a0Hg80000012WudEAE,a0Fg8000006qKpEEAU,2,2026-08-31T16:00:00.000Z,Recusado pelo Destinatario,,,Nova tentativa a agendar.,a0Ng800000eSdl1EAC
a0Hg80000012Wq6EAE,a0Fg8000006qKpEEAU,3,2026-08-31T11:00:00.000Z,Estabelecimento Fechado,,,Nova tentativa a agendar.,a0Ng800000eSdl1EAC
a0Hg80000012WsUEAU,a0Fg8000006qKpHEAU,1,2026-08-26T12:00:00.000Z,Estabelecimento Fechado,,,Nova tentativa a agendar.,a0Ng800000eSdl4EAC
a0Hg80000012WslEAE,a0Fg8000006qKpHEAU,2,2026-08-26T11:00:00.000Z,Entregue,706.144.419-88,Proprio,,a0Ng800000eSdl4EAC
a0Hg80000012WteEAE,a0Fg8000006qKpHEAU,3,2026-08-26T14:00:00.000Z,Endereco Nao Localizado,,,Nova tentativa a agendar.,a0Ng800000eSdl4EAC
a0Hg80000012Wr2EAE,a0Fg8000006qKpHEAU,1,2026-08-18T11:00:00.000Z,Recusado pelo Destinatario,,,Nova tentativa a agendar.,a0Ng800000eSdl5EAC
a0Hg80000012WvOEAU,a0Fg8000006qKpHEAU,2,2026-08-18T12:00:00.000Z,Endereco Nao Localizado,,,Nova tentativa a agendar.,a0Ng800000eSdl5EAC
a0Hg80000012WtMEAU,a0Fg8000006qKpHEAU,4,2026-08-18T13:00:00.000Z,Destinatario Ausente,,,Nova tentativa a agendar.,a0Ng800000eSdl5EAC
a0Hg80000012Ws4EAE,a0Fg8000006qKpHEAU,3,2026-08-11T11:00:00.000Z,Entregue,566.872.313-77,Proprio,,a0Ng800000eSdl6EAC
a0Hg80000012Wu7EAE,a0Fg8000006qKpJEAU,1,2026-08-20T12:00:00.000Z,Destinatario Ausente,,,Nova tentativa a agendar.,a0Ng800000eSdl7EAC
