_tag,LT_Base__r.Unit_Code__c,LT_Route_Date__c,LT_Route_Type__c,LT_Status__c,LT_Driver__c,LT_Target_City__c,LT_Cage_Code__c,LT_Planned_Packages__c,LT_Loaded_Packages__c,LT_Departure_Time__c,LT_Return_Time__c,LT_Notes__c,OwnerId,LT_Distance_Km__c,LT_Destination_Unit__r.Unit_Code__c
RT-0001,ARP-PR,2026-08-10,Last Mile (Entrega),Concluida,a0Fg8000006qKonEAE,Paranagua,G30,156,144,2026-08-10T10:00:00.000Z,2026-08-10T19:00:00.000Z,RT-0001,005g8000004iYenAAE,,
RT-0002,ARP-PR,2026-08-27,Last Mile (Entrega),Concluida,a0Fg8000006qKonEAE,Colombo,G16,79,68,2026-08-27T10:00:00.000Z,2026-08-27T17:00:00.000Z,RT-0002,005g8000004iYenAAE,,
RT-0003,ARP-PR,2026-09-04,Last Mile (Entrega),Concluida,a0Fg8000006qKonEAE,Sao Jose dos Pinhais,G36,232,220,2026-09-04T07:00:00.000Z,2026-09-04T14:00:00.000Z,RT-0003,005g8000004iYenAAE,,
RT-0004,ARP-PR,2026-08-26,Last Mile (Entrega),Planejada,,Guarapuava,G23,88,,,,RT-0004,005g8000004iYenAAE,,
RT-0005,ARP-PR,2026-08-22,Last Mile (Entrega),Concluida,a0Fg8000006qKooEAE,Sao Jose dos Pinhais,G25,194,173,2026-08-22T10:00:00.000Z,2026-08-22T14:00:00.000Z,RT-0005,005g8000004iYenAAE,,
RT-0006,ARP-PR,2026-08-28,Last Mile (Entrega),Concluida,a0Fg8000006qKooEAE,Maringa,G15,88,84,2026-08-28T10:00:00.000Z,2026-08-28T17:00:00.000Z,RT-0006,005g8000004iYenAAE,,
RT-0007,TUB-SC,2026-08-14,Last Mile (Entrega),Concluida,a0Fg8000006qKopEAE,Palhoca,G37,64,63,2026-08-14T07:00:00.000Z,2026-08-14T12:00:00.000Z,RT-0007,005g8000004iYenAAE,,
RT-0008,TUB-SC,2026-08-12,Last Mile (Entrega),Planejada,,Lages,G36,125,,,,RT-0008,005g8000004iYenAAE,,
RT-0009,TUB-SC,2026-08-14,Last Mile (Entrega),Concluida,a0Fg8000006qKopEAE,Blumenau,G02,62,53,2026-08-14T10:00:00.000Z,2026-08-14T17:00:00.000Z,RT-0009,005g8000004iYenAAE,,
RT-0010,CCM-SC,2026-08-11,Last Mile (Entrega),Concluida,a0Fg8000006qKorEAE,Itajai,G34,48,44,2026-08-11T07:00:00.000Z,2026-08-11T16:00:00.000Z,RT-0010,005g8000004iYenAAE,,
RT-0011,CCM-SC,2026-08-19,Last Mile (Entrega),Concluida,a0Fg8000006qKorEAE,Palhoca,G35,144,134,2026-08-19T10:00:00.000Z,2026-08-19T15:00:00.000Z,RT-0011,005g8000004iYenAAE,,
RT-0012,CCM-SC,2026-08-20,Last Mile (Entrega),Concluida,a0Fg8000006qKorEAE,Itajai,G15,118,103,2026-08-20T07:00:00.000Z,2026-08-20T15:00:00.000Z,RT-0012,005g8000004iYenAAE,,
RT-0013,CCM-SC,2026-09-02,Last Mile (Entrega),Concluida,a0Fg8000006qKorEAE,Jaragua do Sul,G29,143,135,2026-09-02T10:00:00.000Z,2026-09-02T16:00:00.000Z,RT-0013,005g8000004iYenAAE,,
RT-0014,CXJ-RS,2026-09-02,Last Mile (Entrega),Concluida,a0Fg8000006qKosEAE,Canoas,G38,201,179,2026-09-02T07:00:00.000Z,2026-09-02T13:00:00.000Z,RT-0014,005g8000004iYenAAE,,
RT-0015,CXJ-RS,2026-09-03,Last Mile (Entrega),Cancelada,a0Fg8000006qKosEAE,Porto Alegre,G28,55,47,,,RT-0015,005g8000004iYenAAE,,
RT-0016,CLB-PR,2026-08-25,Last Mile (Entrega),Carregada,a0Fg8000006qKp1EAE,Paranagua,G30,73,70,,,RT-0016,005g8000004iYenAAE,,
RT-0017,CLB-PR,2026-08-10,Last Mile (Entrega),Cancelada,a0Fg8000006qKp1EAE,Sao Jose dos Pinhais,G40,138,130,,,RT-0017,005g8000004iYenAAE,,
RT-0018,CLB-PR,2026-08-28,Last Mile (Entrega),Concluida,a0Fg8000006qKp1EAE,Apucarana,G20,43,42,2026-08-28T07:00:00.000Z,2026-08-28T11:00:00.000Z,RT-0018,005g8000004iYenAAE,,
RT-0019,TUB-SC,2026-08-26,Last Mile (Entrega),Carregada,a0Fg8000006qKp3EAE,Jaragua do Sul,G21,49,42,,,RT-0019,005g8000004iYenAAE,,
RT-0020,TUB-SC,2026-09-01,Last Mile (Entrega),Concluida,a0Fg8000006qKp3EAE,Palhoca,G12,130,117,2026-09-01T08:00:00.000Z,2026-09-01T15:00:00.000Z,RT-0020,005g8000004iYenAAE,,
RT-0021,ALM-PR,2026-08-10,Last Mile (Entrega),Concluida,a0Fg8000006qKp5EAE,Apucarana,G22,66,65,2026-08-10T08:00:00.000Z,2026-08-10T13:00:00.000Z,RT-0021,005g8000004iYenAAE,,
RT-0022,ALM-PR,2026-08-28,Last Mile (Entrega),Concluida,a0Fg8000006qKp5EAE,Apucarana,G17,40,34,2026-08-28T10:00:00.000Z,2026-08-28T19:00:00.000Z,RT-0022,005g8000004iYenAAE,,
RT-0023,POA-RS,2026-08-29,Last Mile (Entrega),Carregada,a0Fg8000006qKp7EAE,Caxias do Sul,G02,120,102,,,RT-0023,005g8000004iYenAAE,,
RT-0024,POA-RS,2026-08-12,Last Mile (Entrega),Em Rota,a0Fg8000006qKp7EAE,Alvorada,G12,83,78,2026-08-12T09:00:00.000Z,,RT-0024,005g8000004iYenAAE,,
RT-0025,POA-RS,2026-08-22,Last Mile (Entrega),Concluida,a0Fg8000006qKp7EAE,Caxias do Sul,G29,254,220,2026-08-22T07:00:00.000Z,2026-08-22T14:00:00.000Z,RT-0025,005g8000004iYenAAE,,
RT-0026,CIC-PR,2026-08-26,Last Mile (Entrega),Concluida,a0Fg8000006qKp8EAE,Apucarana,G22,167,158,2026-08-26T09:00:00.000Z,2026-08-26T18:00:00.000Z,RT-0026,005g8000004iYenAAE,,
RT-0027,CIC-PR,2026-08-25,Last Mile (Entrega),Concluida,a0Fg8000006qKp8EAE,Guarapuava,G11,104,98,2026-08-25T09:00:00.000Z,2026-08-25T18:00:00.000Z,RT-0027,005g8000004iYenAAE,,
RT-0028,CIC-PR,2026-08-14,Last Mile (Entrega),Concluida,a0Fg8000006qKp8EAE,Toledo,G12,172,159,2026-08-14T07:00:00.000Z,2026-08-14T14:00:00.000Z,RT-0028,005g8000004iYenAAE,,
RT-0029,CWB 02-PR,2026-08-29,Last Mile (Entrega),Concluida,a0Fg8000006qKpCEAU,Santa Maria,G40,313,294,2026-08-29T07:00:00.000Z,2026-08-29T16:00:00.000Z,RT-0029,005g8000004iYenAAE,,
RT-0030,CWB 02-PR,2026-08-10,Mini Transferencia,Planejada,,Chapeco,G36,710,,,,RT-0030,005g8000004iYenAAE,150,BNU-SC
RT-0031,F ARP-PR,2026-08-31,Last Mile (Entrega),Concluida,a0Fg8000006qKpEEAU,Paranagua,G32,147,126,2026-08-31T09:00:00.000Z,2026-08-31T13:00:00.000Z,RT-0031,005g8000004iYenAAE,,
RT-0032,F ARP-PR,2026-08-09,Last Mile (Entrega),Concluida,a0Fg8000006qKpEEAU,Londrina,G03,156,136,2026-08-09T08:00:00.000Z,2026-08-09T12:00:00.000Z,RT-0032,005g8000004iYenAAE,,
RT-0033,SJE-SC,2026-08-27,Last Mile (Entrega),Em Triagem,,Jaragua do Sul,G01,50,,,,RT-0033,005g8000004iYenAAE,,
RT-0034,SJE-SC,2026-08-26,Last Mile (Entrega),Em Rota,a0Fg8000006qKpHEAU,Lages,G26,184,180,2026-08-26T07:00:00.000Z,,RT-0034,005g8000004iYenAAE,,
RT-0035,SJE-SC,2026-08-18,Last Mile (Entrega),Concluida,a0Fg8000006qKpHEAU,Jaragua do Sul,G19,165,142,2026-08-18T08:00:00.000Z,2026-08-18T12:00:00.000Z,RT-0035,005g8000004iYenAAE,,
RT-0036,SJE-SC,2026-08-11,Last Mile (Entrega),Concluida,a0Fg8000006qKpHEAU,Jaragua do Sul,G04,142,124,2026-08-11T07:00:00.000Z,2026-08-11T11:00:00.000Z,RT-0036,005g8000004iYenAAE,,
RT-0037,ARP-PR,2026-08-20,Last Mile (Entrega),Em Rota,a0Fg8000006qKpJEAU,Londrina,G19,83,79,2026-08-20T08:00:00.000Z,,RT-0037,005g8000004iYenAAE,,
RT-0038,ARP-PR,2026-09-06,Last Mile (Entrega),Em Rota,a0Fg8000006qKpJEAU,Londrina,G40,135,122,2026-09-06T09:00:00.000Z,,RT-0038,005g8000004iYenAAE,,
