Logistics_Unit__c,Reference_Date__c,Total_Orders__c,Delivered_Orders__c,Undelivered_Orders__c,On_Time_Deliveries__c,Late_Deliveries__c,Open_Packages__c,Packages_Over_3_Days_No_Movement__c,Warehouse_Entry_Not_Dispatched__c
a0Ag8000002fOurEAE,2026-08-31,914,864,50,804,60,32,15,16
a0Ag8000002fOurEAE,2026-09-01,851,762,89,739,23,69,24,48
a0Ag8000002fOurEAE,2026-09-02,792,724,68,669,55,48,7,29
a0Ag8000002fOurEAE,2026-09-03,842,763,79,696,67,57,8,26
a0Ag8000002fOurEAE,2026-09-04,762,681,81,633,48,64,11,32
a0Ag8000002fOurEAE,2026-09-05,1032,926,106,840,86,68,27,40
a0Ag8000002onR4EAI,2026-08-31,168,136,32,121,15,28,5,3
a0Ag8000002onR4EAI,2026-09-01,144,109,35,93,16,26,8,3
a0Ag8000002onR4EAI,2026-09-02,131,106,25,82,24,12,1,3
a0Ag8000002onR4EAI,2026-09-03,161,132,29,107,25,11,4,2
a0Ag8000002onR4EAI,2026-09-04,174,139,35,124,15,28,10,4
a0Ag8000002onR4EAI,2026-09-05,158,119,39,93,26,23,3,1
a0Ag8000002ope5EAA,2026-08-31,187,179,8,172,7,3,1,6
a0Ag8000002ope5EAA,2026-09-01,168,159,9,148,11,4,1,4
a0Ag8000002ope5EAA,2026-09-02,164,156,8,146,10,5,1,2
a0Ag8000002ope5EAA,2026-09-03,169,160,9,150,10,4,0,5
a0Ag8000002ope5EAA,2026-09-04,189,166,23,150,16,11,4,5
a0Ag8000002ope5EAA,2026-09-05,196,174,22,167,7,9,2,10
a0Ag8000002ophJEAQ,2026-08-31,163,146,17,141,5,7,1,3
a0Ag8000002ophJEAQ,2026-09-01,160,145,15,141,4,8,2,5
a0Ag8000002ophJEAQ,2026-09-02,136,124,12,114,10,5,2,5
a0Ag8000002ophJEAQ,2026-09-03,143,135,8,126,9,5,2,3
a0Ag8000002ophJEAQ,2026-09-04,144,131,13,123,8,8,3,7
a0Ag8000002ophJEAQ,2026-09-05,161,147,14,132,15,6,2,8
a0Ag8000003wAV7EAM,2026-08-31,611,566,45,530,36,34,14,32
a0Ag8000003wAV7EAM,2026-09-01,497,451,46,421,30,24,8,13
a0Ag8000003wAV7EAM,2026-09-02,651,618,33,564,54,13,4,27
a0Ag8000003wAV7EAM,2026-09-03,559,493,66,465,28,39,8,32
a0Ag8000003wAV7EAM,2026-09-04,616,551,65,538,13,47,5,18
a0Ag8000003wAV7EAM,2026-09-05,604,560,44,534,26,38,4,13
a0Ag8000003wAV8EAM,2026-08-31,659,612,47,583,29,27,8,16
a0Ag8000003wAV8EAM,2026-09-01,546,497,49,462,35,26,10,13
a0Ag8000003wAV8EAM,2026-09-02,651,616,35,558,58,23,11,27
a0Ag8000003wAV8EAM,2026-09-03,677,623,54,569,54,32,12,15
a0Ag8000003wAV8EAM,2026-09-04,602,560,42,523,37,22,8,29
a0Ag8000003wAV8EAM,2026-09-05,510,488,22,451,37,19,5,25
a0Ag8000003wAV9EAM,2026-08-31,603,417,186,234,183,80,27,23
a0Ag8000003wAV9EAM,2026-09-01,543,303,240,213,90,107,29,28
a0Ag8000003wAV9EAM,2026-09-02,688,491,197,317,174,117,53,31
a0Ag8000003wAV9EAM,2026-09-03,651,363,288,258,105,202,100,16
a0Ag8000003wAV9EAM,2026-09-04,620,418,202,263,155,175,66,36
a0Ag8000003wAV9EAM,2026-09-05,590,375,215,234,141,104,17,19
a0Ag80000048ZO6EAM,2026-08-31,119,111,8,107,4,4,0,6
a0Ag80000048ZO6EAM,2026-09-01,155,137,18,131,6,12,5,2
a0Ag80000048ZO6EAM,2026-09-02,147,136,11,131,5,5,2,4
a0Ag80000048ZO6EAM,2026-09-03,159,143,16,138,5,8,1,6
a0Ag80000048ZO6EAM,2026-09-04,154,140,14,132,8,9,2,7
a0Ag80000048ZO6EAM,2026-09-05,124,110,14,104,6,12,3,2
a0Ag80000048ZO9EAM,2026-08-31,140,130,10,120,10,5,1,6
a0Ag80000048ZO9EAM,2026-09-01,117,105,12,100,5,10,2,4
a0Ag80000048ZO9EAM,2026-09-02,143,132,11,129,3,5,1,8
a0Ag80000048ZO9EAM,2026-09-03,135,121,14,114,7,6,0,4
a0Ag80000048ZO9EAM,2026-09-04,149,137,12,129,8,7,1,6
a0Ag80000048ZO9EAM,2026-09-05,168,148,20,134,14,14,5,1
a0Ag80000048ZOAEA2,2026-08-31,75,69,6,66,3,3,1,2
a0Ag80000048ZOAEA2,2026-09-01,90,83,7,80,3,5,1,1
a0Ag80000048ZOAEA2,2026-09-02,69,64,5,59,5,2,0,3
a0Ag80000048ZOAEA2,2026-09-03,85,75,10,70,5,7,1,1
a0Ag80000048ZOAEA2,2026-09-04,82,73,9,67,6,5,1,1
a0Ag80000048ZOAEA2,2026-09-05,88,80,8,74,6,6,1,2
a0Ag80000048ZOJEA2,2026-08-31,128,118,10,115,3,4,1,3
a0Ag80000048ZOJEA2,2026-09-01,142,134,8,123,11,5,2,2
a0Ag80000048ZOJEA2,2026-09-02,130,119,11,115,4,7,2,4
a0Ag80000048ZOJEA2,2026-09-03,146,138,8,124,14,3,0,3
a0Ag80000048ZOJEA2,2026-09-04,174,160,14,149,11,10,4,2
a0Ag80000048ZOJEA2,2026-09-05,162,146,16,137,9,8,3,2
a0Ag80000048ZQ4EAM,2026-08-31,162,146,16,138,8,8,1,9
a0Ag80000048ZQ4EAM,2026-09-01,123,116,7,108,8,2,0,4
a0Ag80000048ZQ4EAM,2026-09-02,115,103,12,96,7,9,2,1
a0Ag80000048ZQ4EAM,2026-09-03,132,122,10,117,5,5,2,6
a0Ag80000048ZQ4EAM,2026-09-04,129,117,12,112,5,8,1,3
a0Ag80000048ZQ4EAM,2026-09-05,141,129,12,125,4,7,1,7
a0Ag80000048ZQ7EAM,2026-08-31,169,141,28,112,29,21,8,6
a0Ag80000048ZQ7EAM,2026-09-01,201,174,27,149,25,14,6,11
a0Ag80000048ZQ7EAM,2026-09-02,187,157,30,135,22,19,5,11
a0Ag80000048ZQ7EAM,2026-09-03,202,155,47,136,19,39,11,8
a0Ag80000048ZQ7EAM,2026-09-04,179,154,25,128,26,11,2,7
a0Ag80000048ZQ7EAM,2026-09-05,161,126,35,100,26,19,9,7
a0Ag80000048ZQAEA2,2026-08-31,112,95,17,79,16,10,2,4
a0Ag80000048ZQAEA2,2026-09-01,92,73,19,61,12,10,1,1
a0Ag80000048ZQAEA2,2026-09-02,120,97,23,83,14,11,5,2
a0Ag80000048ZQAEA2,2026-09-03,120,103,17,83,20,12,5,7
a0Ag80000048ZQAEA2,2026-09-04,96,82,14,72,10,5,2,3
a0Ag80000048ZQAEA2,2026-09-05,98,84,14,65,19,10,4,3
