FirstName,LastName,Account.LT_CNPJ__c,LT_Contact_Role__c,Email,Phone,Title
Juliana,Almeida,21.271.733/0001-97,Comercial,juliana.almeida@xitou.com.br,(41) 99313-4517,Comercial
Fernanda,Souza,21.271.733/0001-97,Financeiro,fernanda.souza@xitou.com.br,(47) 97851-2144,Financeiro
Rodrigo,Silva,22.542.466/0001-94,Comercial,rodrigo.silva@compria.com.br,(44) 91763-3181,Comercial
Aline,Ribeiro,22.542.466/0001-94,Financeiro,aline.ribeiro@compria.com.br,(43) 99858-2929,Financeiro
Rafael,Martins,23.813.199/0001-91,Comercial,rafael.martins@shoplivre.com.br,(41) 94374-9133,Comercial
Bianca,Teixeira,23.813.199/0001-91,Financeiro,bianca.teixeira@shoplivre.com.br,(46) 98628-8424,Financeiro
Renata,Almeida,24.084.932/0001-88,Comercial,renata.almeida@megashop.com.br,(48) 95717-2199,Comercial
Juliana,Gomes,24.084.932/0001-88,Financeiro,juliana.gomes@megashop.com.br,(47) 93702-6604,Financeiro
Marcos,Almeida,25.355.665/0001-85,Comercial,marcos.almeida@vendemais.com.br,(46) 99137-8474,Comercial
Rafael,Moraes,25.355.665/0001-85,Financeiro,rafael.moraes@vendemais.com.br,(42) 95422-8767,Financeiro
Leticia,Silva,26.626.398/0001-82,Comercial,leticia.silva@modamix.com.br,(48) 96823-3753,Comercial
Juliana,Carvalho,26.626.398/0001-82,Financeiro,juliana.carvalho@modamix.com.br,(41) 94575-5709,Financeiro
Thiago,Oliveira,27.897.131/0001-79,Comercial,thiago.oliveira@technova.com.br,(47) 95561-7804,Comercial
Leticia,Rocha,27.897.131/0001-79,Financeiro,leticia.rocha@technova.com.br,(47) 94780-3472,Financeiro
Thiago,Costa,28.168.864/0001-76,Comercial,thiago.costa@casaecor.com.br,(41) 93386-7864,Comercial
Leticia,Martins,28.168.864/0001-76,Financeiro,leticia.martins@casaecor.com.br,(46) 93056-9445,Financeiro
Rodrigo,Ribeiro,29.439.597/0001-73,Comercial,rodrigo.ribeiro@petlar.com.br,(42) 98889-7560,Comercial
Fernanda,Pereira,29.439.597/0001-73,Financeiro,fernanda.pereira@petlar.com.br,(42) 94420-8219,Financeiro
Leticia,Martins,30.710.330/0001-70,Comercial,leticia.martins@suplementabr.com.br,(41) 92152-4407,Comercial
Rodrigo,Oliveira,30.710.330/0001-70,Financeiro,rodrigo.oliveira@suplementabr.com.br,(45) 96691-6966,Financeiro
Juliana,Barbosa,31.981.063/0001-67,Comercial,juliana.barbosa@calcadosprime.com.br,(46) 95337-8841,Comercial
Camila,Gomes,31.981.063/0001-67,Financeiro,camila.gomes@calcadosprime.com.br,(41) 94362-9654,Financeiro
Thiago,Gomes,32.252.796/0001-64,Comercial,thiago.gomes@bellacosmeticos.com.br,(46) 93736-6827,Comercial
Patricia,Gomes,32.252.796/0001-64,Financeiro,patricia.gomes@bellacosmeticos.com.br,(49) 99236-6401,Financeiro
Rodrigo,Barbosa,33.523.529/0001-61,Comercial,rodrigo.barbosa@paginaviva.com.br,(44) 94275-9480,Comercial
Renata,Almeida,33.523.529/0001-61,Financeiro,renata.almeida@paginaviva.com.br,(41) 91457-5577,Financeiro
Juliana,Pereira,34.794.262/0001-58,Comercial,juliana.pereira@autopecasdosul.com.br,(48) 94222-6533,Comercial
Diego,Carvalho,34.794.262/0001-58,Financeiro,diego.carvalho@autopecasdosul.com.br,(41) 98855-6636,Financeiro
Bianca,Teixeira,35.065.995/0001-55,Comercial,bianca.teixeira@ferramentasmax.com.br,(46) 92421-7485,Comercial
Gustavo,Ribeiro,35.065.995/0001-55,Financeiro,gustavo.ribeiro@ferramentasmax.com.br,(42) 93602-3785,Financeiro
Leticia,Oliveira,36.336.728/0001-52,Comercial,leticia.oliveira@farmasul.com.br,(49) 99983-3146,Comercial
Carlos,Silva,36.336.728/0001-52,Financeiro,carlos.silva@farmasul.com.br,(42) 99627-3281,Financeiro
Marcos,Costa,37.607.461/0001-49,Comercial,marcos.costa@moveisserrasul.com.br,(49) 97865-3147,Comercial
Fernanda,Barbosa,37.607.461/0001-49,Financeiro,fernanda.barbosa@moveisserrasul.com.br,(46) 98506-9466,Financeiro
Camila,Martins,38.878.194/0001-46,Comercial,camila.martins@ceramicaparanaense.com.br,(41) 93454-3823,Comercial
Bruno,Carvalho,38.878.194/0001-46,Financeiro,bruno.carvalho@ceramicaparanaense.com.br,(42) 92011-6340,Financeiro
Fernanda,Pereira,39.149.927/0001-43,Comercial,fernanda.pereira@valedoitajai.ind.br,(44) 95537-1691,Comercial
Juliana,Gomes,39.149.927/0001-43,Financeiro,juliana.gomes@valedoitajai.ind.br,(48) 91456-2038,Financeiro
