Name,RecordTypeId,LT_Shipper_Segment__c,LT_Shipper_Status__c,LT_Pickup_Type__c,LT_Monthly_Volume_Estimate__c,LT_Origin_Marketplaces__c,LT_Shipper_Since__c,LT_CNPJ__c,LT_Commercial_Rep__c,OwnerId,Phone,Website,BillingCity,BillingState,BillingCountry,Industry,Description
Xitou Marketplace,012g8000003syK1AAI,Marketplace,Ativo,Coleta no Seller,48000,"Xitou, Compria",2021-03-13,21.271.733/0001-97,005g8000009JzgwAAC,005g8000009JzgwAAC,(41) 3174-9779,www.xitou.com.br,Curitiba,PR,Brasil,Transportation,"Embarcador Marketplace atendido pela LogiTrack. Canais: Xitou, Compria."
Compria Marketplace,012g8000003syK1AAI,Marketplace,Ativo,Coleta no Seller,65000,Compria,2019-10-04,22.542.466/0001-94,005g8000009JzgwAAC,005g8000009JzgwAAC,(44) 3745-2013,www.compria.com.br,Sao Jose dos Pinhais,PR,Brasil,Transportation,Embarcador Marketplace atendido pela LogiTrack. Canais: Compria.
ShopLivre,012g8000003syK1AAI,Marketplace,Ativo,Ambos,39000,ShopLivre,2019-10-19,23.813.199/0001-91,005g8000009JzgwAAC,005g8000009JzgwAAC,(44) 3481-2596,www.shoplivre.com.br,Porto Alegre,RS,Brasil,Transportation,Embarcador Marketplace atendido pela LogiTrack. Canais: ShopLivre.
MegaShop BR,012g8000003syK1AAI,Marketplace,Em Homologação,Coleta no Seller,27000,MegaShop,,24.084.932/0001-88,,005g8000009JzgwAAC,(44) 3183-5919,www.megashop.com.br,Joinville,SC,Brasil,Transportation,Embarcador Marketplace atendido pela LogiTrack. Canais: MegaShop.
VendeMais Online,012g8000003syK1AAI,Marketplace,Ativo,Coleta no DropOff,31000,VendeMais,2020-08-14,25.355.665/0001-85,005g8000009JzgwAAC,005g8000009JzgwAAC,(41) 3784-2271,www.vendemais.com.br,Blumenau,SC,Brasil,Transportation,Embarcador Marketplace atendido pela LogiTrack. Canais: VendeMais.
ModaMix Confeccoes,012g8000003syK1AAI,E-commerce Próprio,Ativo,Coleta no Seller,12000,"Loja propria, Xitou",2024-12-10,26.626.398/0001-82,005g8000009JzgwAAC,005g8000009JzgwAAC,(48) 3391-7320,www.modamix.com.br,Cianorte,PR,Brasil,Transportation,"Embarcador E-commerce Próprio atendido pela LogiTrack. Canais: Loja propria, Xitou."
TechNova BR,012g8000003syK1AAI,E-commerce Próprio,Ativo,Coleta no Seller,8600,Loja propria,2022-08-03,27.897.131/0001-79,005g8000009JzgwAAC,005g8000009JzgwAAC,(43) 3559-7580,www.technova.com.br,Florianopolis,SC,Brasil,Transportation,Embarcador E-commerce Próprio atendido pela LogiTrack. Canais: Loja propria.
Casa e Cor Online,012g8000003syK1AAI,E-commerce Próprio,Ativo,Coleta no DropOff,5400,"Loja propria, Compria",2024-04-01,28.168.864/0001-76,005g8000009JzgwAAC,005g8000009JzgwAAC,(48) 3951-3987,www.casaecor.com.br,Caxias do Sul,RS,Brasil,Transportation,"Embarcador E-commerce Próprio atendido pela LogiTrack. Canais: Loja propria, Compria."
PetLar Suprimentos,012g8000003syK1AAI,E-commerce Próprio,Ativo,Coleta no Seller,9100,"Loja propria, ShopLivre",2022-11-26,29.439.597/0001-73,005g8000009JzgwAAC,005g8000009JzgwAAC,(49) 3501-7521,www.petlar.com.br,Londrina,PR,Brasil,Transportation,"Embarcador E-commerce Próprio atendido pela LogiTrack. Canais: Loja propria, ShopLivre."
SuplementaBR,012g8000003syK1AAI,E-commerce Próprio,Ativo,Coleta no Seller,7300,Loja propria,2019-01-19,30.710.330/0001-70,005g8000009JzgwAAC,005g8000009JzgwAAC,(43) 3649-2662,www.suplementabr.com.br,Maringa,PR,Brasil,Transportation,Embarcador E-commerce Próprio atendido pela LogiTrack. Canais: Loja propria.
Calcados Prime,012g8000003syK1AAI,Varejo,Ativo,Coleta no DropOff,4200,"Loja propria, Xitou",2022-08-16,31.981.063/0001-67,005g8000009JzgwAAC,005g8000009JzgwAAC,(45) 3187-3361,www.calcadosprime.com.br,Novo Hamburgo,RS,Brasil,Transportation,"Embarcador Varejo atendido pela LogiTrack. Canais: Loja propria, Xitou."
Bella Cosmeticos,012g8000003syK1AAI,Varejo,Em Homologação,Coleta no DropOff,3100,Compria,,32.252.796/0001-64,,005g8000009JzgwAAC,(49) 3405-2491,www.bellacosmeticos.com.br,Chapeco,SC,Brasil,Transportation,Embarcador Varejo atendido pela LogiTrack. Canais: Compria.
Livraria Pagina Viva,012g8000003syK1AAI,Varejo,Ativo,Coleta no DropOff,2600,ShopLivre,2024-04-20,33.523.529/0001-61,005g8000009JzgwAAC,005g8000009JzgwAAC,(44) 3925-4922,www.paginaviva.com.br,Pelotas,RS,Brasil,Transportation,Embarcador Varejo atendido pela LogiTrack. Canais: ShopLivre.
AutoPecas do Sul,012g8000003syK1AAI,Distribuidor,Ativo,Coleta no Seller,6800,"Loja propria, Compria",2022-12-12,34.794.262/0001-58,005g8000009JzgwAAC,005g8000009JzgwAAC,(46) 3182-4612,www.autopecasdosul.com.br,Cascavel,PR,Brasil,Transportation,"Embarcador Distribuidor atendido pela LogiTrack. Canais: Loja propria, Compria."
FerramentasMax,012g8000003syK1AAI,Distribuidor,Ativo,Coleta no Seller,5900,Xitou,2022-12-25,35.065.995/0001-55,005g8000009JzgwAAC,005g8000009JzgwAAC,(44) 3589-3924,www.ferramentasmax.com.br,Gravatai,RS,Brasil,Transportation,Embarcador Distribuidor atendido pela LogiTrack. Canais: Xitou.
Distribuidora Farmasul,012g8000003syK1AAI,Distribuidor,Ativo,Coleta no Seller,15400,Loja propria,2023-08-26,36.336.728/0001-52,005g8000009JzgwAAC,005g8000009JzgwAAC,(43) 3726-8771,www.farmasul.com.br,Sao Jose,SC,Brasil,Transportation,Embarcador Distribuidor atendido pela LogiTrack. Canais: Loja propria.
Moveis Serra Sul,012g8000003syK1AAI,Indústria / Fabricante,Ativo,Coleta no Seller,3400,"Loja propria, Xitou",2019-05-07,37.607.461/0001-49,005g8000009JzgwAAC,005g8000009JzgwAAC,(45) 3613-4940,www.moveisserrasul.com.br,Bento Goncalves,RS,Brasil,Transportation,"Embarcador Indústria / Fabricante atendido pela LogiTrack. Canais: Loja propria, Xitou."
Ceramica Paranaense,012g8000003syK1AAI,Indústria / Fabricante,Inativo,Coleta no Seller,1800,Compria,2023-03-17,38.878.194/0001-46,,005g8000009JzgwAAC,(49) 3119-8211,www.ceramicaparanaense.com.br,Ponta Grossa,PR,Brasil,Transportation,Embarcador Indústria / Fabricante atendido pela LogiTrack. Canais: Compria.
Confeccoes Vale do Itajai,012g8000003syK1AAI,Indústria / Fabricante,Ativo,Coleta no Seller,4700,Loja propria,2024-09-17,39.149.927/0001-43,005g8000009JzgwAAC,005g8000009JzgwAAC,(49) 3594-2738,www.valedoitajai.ind.br,Brusque,SC,Brasil,Transportation,Embarcador Indústria / Fabricante atendido pela LogiTrack. Canais: Loja propria.
Joao Pedro Nogueira,012g8000003syK1AAI,Pessoa Física (C2C),Ativo,Coleta no DropOff,30,Venda de Etiqueta,2024-05-15,,005g8000009JzgwAAC,005g8000009JzgwAAC,(49) 3646-8832,,Curitiba,PR,Brasil,Transportation,Embarcador Pessoa Física (C2C) atendido pela LogiTrack. Canais: Venda de Etiqueta.
Marilia Fontes Ateliê,012g8000003syK1AAI,Pessoa Física (C2C),Ativo,Coleta no DropOff,45,Venda de Etiqueta,2023-04-23,,005g8000009JzgwAAC,005g8000009JzgwAAC,(49) 3997-5253,,Torres,RS,Brasil,Transportation,Embarcador Pessoa Física (C2C) atendido pela LogiTrack. Canais: Venda de Etiqueta.
Studio Aurora Papelaria,012g8000003syK1AAI,Pessoa Física (C2C),Em Homologação,Coleta no DropOff,20,Venda de Etiqueta,,,,005g8000009JzgwAAC,(49) 3307-8332,,Itajai,SC,Brasil,Transportation,Embarcador Pessoa Física (C2C) atendido pela LogiTrack. Canais: Venda de Etiqueta.
