LT_Shipper__c,LT_Agreement__c,LT_Reference_Month__c,LT_Packages_Shipped__c,LT_Packages_Delivered__c,LT_Price_Per_Package__c,LT_Adjustments__c,LT_Invoice_Number__c,LT_Billing_Status__c
001g800000kdoNSAAY,a0Cg800000siChWEAU,2026-04-01,53073,51631,6.3,0,NF-632510,Pago
001g800000kdoNSAAY,a0Cg800000siChWEAU,2026-05-01,52903,48466,6.3,0,NF-760479,Pago
001g800000kdoNSAAY,a0Cg800000siChWEAU,2026-06-01,49085,44953,6.3,0,NF-195074,Faturado
001g800000kdoNSAAY,a0Cg800000siChWEAU,2026-07-01,47892,46727,6.3,0,NF-574999,Faturado
001g800000kdoNSAAY,a0Cg800000siChWEAU,2026-08-01,49718,47347,6.3,-7479.78,,Em Apuracao
001g800000kdoNTAAY,a0Cg800000siChXEAU,2026-05-01,54064,52699,8.78,0,NF-442143,Pago
001g800000kdoNTAAY,a0Cg800000siChXEAU,2026-06-01,62749,60967,8.78,0,NF-408440,Pago
001g800000kdoNTAAY,a0Cg800000siChXEAU,2026-07-01,64020,61222,8.78,0,NF-526538,Faturado
001g800000kdoNTAAY,a0Cg800000siChXEAU,2026-08-01,74699,73551,8.78,0,,Em Apuracao
001g800000kdoNUAAY,a0Cg800000siChYEAU,2026-03-01,35248,33994,7.21,0,NF-173634,Faturado
001g800000kdoNUAAY,a0Cg800000siChYEAU,2026-04-01,39227,35664,7.21,-1290.92,NF-988468,Faturado
001g800000kdoNUAAY,a0Cg800000siChYEAU,2026-05-01,40794,37454,7.21,0,NF-592817,Faturado
001g800000kdoNUAAY,a0Cg800000siChYEAU,2026-06-01,36812,35348,7.21,0,NF-760031,Pago
001g800000kdoNUAAY,a0Cg800000siChYEAU,2026-07-01,34534,33061,7.21,-940.94,NF-894863,Faturado
001g800000kdoNUAAY,a0Cg800000siChYEAU,2026-08-01,43857,39973,7.21,0,,Em Apuracao
001g800000kdoNVAAY,a0Cg800000siChZEAU,2026-05-01,26032,25192,9.73,680.87,NF-867446,Faturado
001g800000kdoNVAAY,a0Cg800000siChZEAU,2026-06-01,33292,31149,9.73,0,NF-541194,Pago
001g800000kdoNVAAY,a0Cg800000siChZEAU,2026-07-01,35548,31994,9.73,0,NF-120584,Faturado
001g800000kdoNVAAY,a0Cg800000siChZEAU,2026-08-01,27575,25741,9.73,0,,Em Apuracao
001g800000kdqDxAAI,a0Cg800000siChaEAE,2026-03-01,12124,10954,5.47,-72.07,NF-444934,Pago
001g800000kdqDxAAI,a0Cg800000siChaEAE,2026-04-01,13127,12245,5.47,-1135.34,NF-730491,Faturado
001g800000kdqDxAAI,a0Cg800000siChaEAE,2026-05-01,11299,10766,5.47,359.46,NF-504852,Faturado
001g800000kdqDxAAI,a0Cg800000siChaEAE,2026-06-01,10563,9645,5.47,0,NF-361618,Pago
001g800000kdqDxAAI,a0Cg800000siChaEAE,2026-07-01,12712,11612,5.47,0,,Fechado
001g800000kdqDxAAI,a0Cg800000siChaEAE,2026-08-01,12560,11718,5.47,0,,Em Apuracao
001g800000kdqDyAAI,a0Cg800000siChbEAE,2026-05-01,8248,7495,5.12,609.08,NF-510633,Pago
001g800000kdqDyAAI,a0Cg800000siChbEAE,2026-06-01,7781,7547,5.12,0,NF-645337,Pago
001g800000kdqDyAAI,a0Cg800000siChbEAE,2026-07-01,7549,7256,5.12,-540.45,,Fechado
001g800000kdqDyAAI,a0Cg800000siChbEAE,2026-08-01,7847,7674,5.12,-686.67,,Em Apuracao
001g800000kdqDzAAI,a0Cg800000siChcEAE,2026-04-01,4871,4403,11.63,124.44,NF-479736,Faturado
001g800000kdqDzAAI,a0Cg800000siChcEAE,2026-05-01,4674,4385,11.63,609.51,NF-718529,Faturado
001g800000kdqDzAAI,a0Cg800000siChcEAE,2026-06-01,4490,4047,11.63,0,NF-426950,Pago
001g800000kdqDzAAI,a0Cg800000siChcEAE,2026-07-01,6143,5539,11.63,0,NF-170538,Faturado
001g800000kdqDzAAI,a0Cg800000siChcEAE,2026-08-01,5729,5311,11.63,0,,Em Apuracao
001g800000kdqE0AAI,a0Cg800000siChdEAE,2026-05-01,8822,8215,5.72,1316.65,NF-931800,Faturado
001g800000kdqE0AAI,a0Cg800000siChdEAE,2026-06-01,10355,9620,5.72,-36.26,NF-928932,Pago
001g800000kdqE0AAI,a0Cg800000siChdEAE,2026-07-01,7552,7117,5.72,282.4,,Fechado
001g800000kdqE0AAI,a0Cg800000siChdEAE,2026-08-01,9290,8424,5.72,0,,Em Apuracao
001g800000kdqE1AAI,a0Cg800000siCheEAE,2026-04-01,8105,7796,8.06,0,NF-827875,Pago
001g800000kdqE1AAI,a0Cg800000siCheEAE,2026-05-01,7385,6923,8.06,0,NF-643893,Faturado
001g800000kdqE1AAI,a0Cg800000siCheEAE,2026-06-01,7793,7033,8.06,0,NF-123373,Pago
001g800000kdqE1AAI,a0Cg800000siCheEAE,2026-07-01,6540,6274,8.06,0,NF-368257,Faturado
001g800000kdqE1AAI,a0Cg800000siCheEAE,2026-08-01,8145,7585,8.06,349.16,,Em Apuracao
001g800000kdoNWAAY,a0Cg800000siChfEAE,2026-04-01,4358,4085,7.21,0,NF-524418,Pago
001g800000kdoNWAAY,a0Cg800000siChfEAE,2026-05-01,4366,4003,7.21,0,NF-324593,Faturado
001g800000kdoNWAAY,a0Cg800000siChfEAE,2026-06-01,3976,3775,7.21,-493.02,NF-845765,Faturado
001g800000kdoNWAAY,a0Cg800000siChfEAE,2026-07-01,3532,3473,7.21,0,,Fechado
001g800000kdoNWAAY,a0Cg800000siChfEAE,2026-08-01,4068,3756,7.21,-134.04,,Em Apuracao
001g800000kdoNXAAY,a0Cg800000siChgEAE,2026-04-01,2708,2602,8.04,0,NF-574456,Pago
001g800000kdoNXAAY,a0Cg800000siChgEAE,2026-05-01,2406,2334,8.04,122.5,NF-698298,Pago
001g800000kdoNXAAY,a0Cg800000siChgEAE,2026-06-01,2435,2325,8.04,0,NF-242481,Pago
001g800000kdoNXAAY,a0Cg800000siChgEAE,2026-07-01,2479,2271,8.04,0,NF-348941,Faturado
001g800000kdoNXAAY,a0Cg800000siChgEAE,2026-08-01,2800,2709,8.04,0,,Em Apuracao
001g800000kdoNYAAY,a0Cg800000siChhEAE,2026-05-01,6577,6271,10.5,0,NF-181755,Pago
001g800000kdoNYAAY,a0Cg800000siChhEAE,2026-06-01,7112,6521,10.5,0,NF-848917,Faturado
001g800000kdoNYAAY,a0Cg800000siChhEAE,2026-07-01,5600,5264,10.5,0,,Fechado
001g800000kdoNYAAY,a0Cg800000siChhEAE,2026-08-01,6084,5878,10.5,0,,Em Apuracao
001g800000kdoNZAAY,a0Cg800000siChiEAE,2026-03-01,5812,5723,11.95,1478.51,NF-191445,Faturado
001g800000kdoNZAAY,a0Cg800000siChiEAE,2026-04-01,5637,5501,11.95,0,NF-575567,Pago
001g800000kdoNZAAY,a0Cg800000siChiEAE,2026-05-01,5221,5092,11.95,180.04,NF-935471,Pago
001g800000kdoNZAAY,a0Cg800000siChiEAE,2026-06-01,6433,5977,11.95,893.58,NF-852523,Pago
001g800000kdoNZAAY,a0Cg800000siChiEAE,2026-07-01,5078,4674,11.95,0,,Fechado
001g800000kdoNZAAY,a0Cg800000siChiEAE,2026-08-01,6740,6373,11.95,0,,Em Apuracao
001g800000kdoNaAAI,a0Cg800000siChjEAE,2026-04-01,13958,13414,7.75,10.91,NF-677033,Pago
001g800000kdoNaAAI,a0Cg800000siChjEAE,2026-05-01,14769,13637,7.75,0,NF-948444,Faturado
001g800000kdoNaAAI,a0Cg800000siChjEAE,2026-06-01,17036,15953,7.75,250.6,NF-593420,Faturado
001g800000kdoNaAAI,a0Cg800000siChjEAE,2026-07-01,13383,12632,7.75,0,NF-616508,Faturado
001g800000kdoNaAAI,a0Cg800000siChjEAE,2026-08-01,15570,14924,7.75,0,,Em Apuracao
001g800000kdqE2AAI,a0Cg800000siChkEAE,2026-04-01,3378,3123,7.65,0,NF-272333,Pago
001g800000kdqE2AAI,a0Cg800000siChkEAE,2026-05-01,3374,3278,7.65,0,NF-803907,Pago
001g800000kdqE2AAI,a0Cg800000siChkEAE,2026-06-01,3215,3124,7.65,0,NF-419245,Faturado
001g800000kdqE2AAI,a0Cg800000siChkEAE,2026-07-01,3742,3675,7.65,0,NF-310729,Faturado
001g800000kdqE2AAI,a0Cg800000siChkEAE,2026-08-01,3249,2955,7.65,-145.38,,Em Apuracao
001g800000kdqE4AAI,a0Cg800000siChlEAE,2026-05-01,4654,4347,7.82,0,NF-227853,Pago
001g800000kdqE4AAI,a0Cg800000siChlEAE,2026-06-01,4615,4424,7.82,60.04,NF-382291,Pago
001g800000kdqE4AAI,a0Cg800000siChlEAE,2026-07-01,4235,3988,7.82,951.95,NF-650483,Faturado
001g800000kdqE4AAI,a0Cg800000siChlEAE,2026-08-01,4345,3981,7.82,0,,Em Apuracao
