LT_Shipper__r.LT_CNPJ__c,LT_Agreement_Status__c,LT_Start_Date__c,LT_End_Date__c,LT_Price_Per_Package__c,LT_Minimum_Monthly_Volume__c,LT_Payment_Term_Days__c,LT_SLA_Target__c,LT_Agreement_Commercial_Rep__c
21.271.733/0001-97,Vigente,2021-03-13,,6.3,33600,45,0.97,005g8000009JzgwAAC
22.542.466/0001-94,Vigente,2019-10-04,,8.78,45500,45,0.92,005g8000009JzgwAAC
23.813.199/0001-91,Vigente,2019-10-19,,7.21,27300,15,0.92,005g8000009JzgwAAC
25.355.665/0001-85,Vigente,2020-08-14,,9.73,21700,15,0.9,005g8000009JzgwAAC
26.626.398/0001-82,Vigente,2024-12-10,,5.47,8400,15,0.97,005g8000009JzgwAAC
27.897.131/0001-79,Vigente,2022-08-03,,5.12,6020,15,0.92,005g8000009JzgwAAC
28.168.864/0001-76,Vigente,2024-04-01,,11.63,3779,45,0.9,005g8000009JzgwAAC
29.439.597/0001-73,Vigente,2022-11-26,,5.72,6370,30,0.9,005g8000009JzgwAAC
30.710.330/0001-70,Vigente,2019-01-19,,8.06,5110,15,0.97,005g8000009JzgwAAC
31.981.063/0001-67,Vigente,2022-08-16,,7.21,2940,45,0.9,005g8000009JzgwAAC
33.523.529/0001-61,Vigente,2024-04-20,,8.04,1819,15,0.95,005g8000009JzgwAAC
34.794.262/0001-58,Vigente,2022-12-12,,10.5,4760,15,0.9,005g8000009JzgwAAC
35.065.995/0001-55,Vigente,2022-12-25,,11.95,4130,15,0.92,005g8000009JzgwAAC
36.336.728/0001-52,Vigente,2023-08-26,,7.75,10780,15,0.92,005g8000009JzgwAAC
37.607.461/0001-49,Vigente,2019-05-07,,7.65,2380,45,0.92,005g8000009JzgwAAC
39.149.927/0001-43,Vigente,2024-09-17,,7.82,3290,45,0.92,005g8000009JzgwAAC
