LT_Shipment__c,LT_Incident_Type__c,LT_Status__c,LT_Priority__c,LT_Detected_Date__c,LT_Resolution_Deadline__c,LT_Owner_Unit__c,LT_Assigned_To__c,LT_Description__c,OwnerId,LT_Resolved_Date__c,LT_Resolution_Type__c,LT_Root_Cause__c,LT_Resolution_Notes__c,LT_Escalated__c,LT_Escalation_Date__c
a0Hg80000012Wu6EAE,Sem Movimentacao,Resolvida,Alta,2026-08-25,2026-08-27,a0Ag8000002ophJEAQ,005g8000009K1pBAAS,Ocorrencia de Sem Movimentacao na remessa com destino Gravatai.,005g8000004iYenAAE,2026-09-04T00:00:00.000Z,Devolvida ao Remetente,Falha Sistemica,Tratativa concluida pela equipe da base.,,
a0Hg80000012Wr0EAE,Suspeita de Extravio,Escalada,Media,2026-08-21,2026-08-25,a0Ag80000048ZOCEA2,005g8000009K1pBAAS,Ocorrencia de Suspeita de Extravio na remessa com destino Ponta Grossa.,005g8000004iYenAAE,,,Cliente Ausente,,true,2026-08-26
a0Hg80000012WrSEAU,Retido na Base,Aguardando Terceiro,Media,2026-08-21,2026-08-25,a0Ag80000048ZQdEAM,005g8000004iYenAAE,Ocorrencia de Retido na Base na remessa com destino Sao Jose.,005g8000004iYenAAE,,,,,,
a0Hg80000012Wq6EAE,Retido na Base,Resolvida,Critica,2026-08-16,2026-08-17,a0Ag80000048ZOKEA2,005g8000009JzgwAAC,Ocorrencia de Retido com Motorista na remessa com destino Curitiba.,005g8000004iYenAAE,2026-08-28T00:00:00.000Z,Reagendada,Falha Sistemica,Tratativa concluida pela equipe da base.,,
a0Hg80000012WutEAE,Sem Movimentacao,Em Tratamento,Alta,2026-08-20,2026-08-22,a0Ag80000048ZO6EAM,005g8000009K1pBAAS,Ocorrencia de Sem Movimentacao na remessa com destino Ponta Grossa.,005g8000004iYenAAE,,,,,,
a0Hg80000012Wq5EAE,Sem Movimentacao,Resolvida,Media,2026-08-31,2026-09-04,a0Ag8000002ophJEAQ,005g8000009JzgwAAC,Ocorrencia de Sem Movimentacao na remessa com destino Passo Fundo.,005g8000004iYenAAE,2026-09-04T00:00:00.000Z,Sem Acao Necessaria,Extravio Interno,Tratativa concluida pela equipe da base.,,
a0Hg80000012Wu3EAE,Retido na Base,Resolvida,Alta,2026-08-18,2026-08-20,a0Ag8000002ophJEAQ,005g8000009K1pBAAS,Ocorrencia de Retido com Motorista na remessa com destino Porto Alegre.,005g8000004iYenAAE,2026-08-23T00:00:00.000Z,Reagendada,Falha de Triagem,Tratativa concluida pela equipe da base.,,
a0Hg80000012Wu7EAE,Retido na Base,Resolvida,Media,2026-08-31,2026-09-04,a0Ag80000048ZO6EAM,005g8000009K1pBAAS,Ocorrencia de Retido na Base na remessa com destino Colombo.,005g8000004iYenAAE,2026-09-10T00:00:00.000Z,Devolvida ao Remetente,Cliente Ausente,Tratativa concluida pela equipe da base.,,
a0Hg80000012WqJEAU,Retido na Base,Resolvida,Media,2026-09-01,2026-09-05,a0Ag80000048ZPBEA2,005g8000009JzgwAAC,Ocorrencia de Retido na Base na remessa com destino Sao Jose.,005g8000004iYenAAE,2026-09-03T00:00:00.000Z,Encaminhada para Extravio,Avaria,Tratativa concluida pela equipe da base.,,
a0Hg80000012WuVEAU,Retido na Base,Aberta,Media,2026-08-29,2026-09-02,a0Ag80000048ZOBEA2,,Ocorrencia de Retido com Motorista na remessa com destino Apucarana.,005g8000004iYenAAE,,,,,,
a0Hg80000012WtCEAU,Retido na Base,Aguardando Terceiro,Alta,2026-08-20,2026-08-22,a0Ag80000048ZO6EAM,005g8000009K1pBAAS,Ocorrencia de Retido com Motorista na remessa com destino Sao Jose dos Pinhais.,005g8000004iYenAAE,,,,,,
a0Hg80000012WrTEAU,Retido na Base,Resolvida,Media,2026-08-21,2026-08-25,a0Ag80000048ZQdEAM,005g8000004iYenAAE,Ocorrencia de Retido na Base na remessa com destino Sao Jose.,005g8000004iYenAAE,2026-08-31T00:00:00.000Z,Localizada e Reintegrada,Endereco Incorreto,Tratativa concluida pela equipe da base.,,
a0Hg80000012WrFEAU,Retido na Base,Em Tratamento,Media,2026-08-21,2026-08-25,a0Ag80000048ZO6EAM,005g8000009JzgwAAC,Ocorrencia de Retido na Base na remessa com destino Londrina.,005g8000004iYenAAE,,,,,,
a0Hg80000012WsSEAU,Retido na Base,Cancelada,Alta,2026-08-21,2026-08-23,a0Ag80000048ZOAEA2,,Ocorrencia de Retido com Motorista na remessa com destino Criciuma.,005g8000004iYenAAE,,,,,,
a0Hg80000012WvREAU,Sem Movimentacao,Aberta,Alta,2026-08-16,2026-08-18,a0Ag80000048ZOKEA2,,Ocorrencia de Sem Movimentacao na remessa com destino Londrina.,005g8000004iYenAAE,,,,,,
a0Hg80000012WwGEAU,Retido na Base,Resolvida,Media,2026-08-16,2026-08-20,a0Ag80000048ZOJEA2,005g8000004iYenAAE,Ocorrencia de Retido na Base na remessa com destino Santa Maria.,005g8000004iYenAAE,2026-08-19T00:00:00.000Z,Devolvida ao Remetente,Postura do Motorista,Tratativa concluida pela equipe da base.,,
a0Hg80000012WvgEAE,Suspeita de Extravio,Aguardando Terceiro,Alta,2026-09-01,2026-09-03,a0Ag80000048ZOAEA2,005g8000009JzgwAAC,Ocorrencia de Suspeita de Extravio na remessa com destino Itajai.,005g8000004iYenAAE,,,,,,
a0Hg80000012WqTEAU,Sem Movimentacao,Aberta,Media,2026-08-22,2026-08-26,a0Ag80000048ZQdEAM,,Ocorrencia de Sem Movimentacao na remessa com destino Balneario Camboriu.,005g8000004iYenAAE,,,,,,
a0Hg80000012WvKEAU,Retido na Base,Em Tratamento,Alta,2026-09-02,2026-09-04,a0Ag8000002ophJEAQ,005g8000009JzgwAAC,Ocorrencia de Retido com Motorista na remessa com destino Caxias do Sul.,005g8000004iYenAAE,,,,,,
a0Hg80000012Wr3EAE,Retido na Base,Aguardando Terceiro,Media,2026-08-30,2026-09-03,a0Ag80000048ZOJEA2,005g8000009K1pBAAS,Ocorrencia de Retido na Base na remessa com destino Canoas.,005g8000004iYenAAE,,,,,,
a0Hg80000012WtkEAE,Sem Movimentacao,Aguardando Terceiro,Alta,2026-08-16,2026-08-18,a0Ag80000048ZPFEA2,005g8000009K1pBAAS,Ocorrencia de Sem Movimentacao na remessa com destino Sao Jose dos Pinhais.,005g8000004iYenAAE,,,,,,
a0Hg80000012WsqEAE,Sem Movimentacao,Aberta,Critica,2026-08-22,2026-08-23,a0Ag80000048ZOAEA2,,Ocorrencia de Sem Movimentacao na remessa com destino Palhoca.,005g8000004iYenAAE,,,,,,
a0Hg80000012Wv7EAE,Retido na Base,Aberta,Alta,2026-08-30,2026-09-01,a0Ag80000048ZOBEA2,,Ocorrencia de Retido na Base na remessa com destino Foz do Iguacu.,005g8000004iYenAAE,,,,,,
a0Hg80000012WuUEAU,Retido na Base,Resolvida,Critica,2026-08-19,2026-08-20,a0Ag80000048ZQdEAM,005g8000009JzgwAAC,Ocorrencia de Retido na Base na remessa com destino Blumenau.,005g8000004iYenAAE,2026-08-22T00:00:00.000Z,Entregue,Falha Sistemica,Tratativa concluida pela equipe da base.,,
a0Hg80000012WtfEAE,Sem Movimentacao,Aguardando Terceiro,Alta,2026-08-30,2026-09-01,a0Ag80000048ZOAEA2,005g8000009JzgwAAC,Ocorrencia de Sem Movimentacao na remessa com destino Criciuma.,005g8000004iYenAAE,,,,,,
a0Hg80000012Ww5EAE,Sem Movimentacao,Resolvida,Media,2026-08-20,2026-08-24,a0Ag80000048ZPNEA2,005g8000009JzgwAAC,Ocorrencia de Sem Movimentacao na remessa com destino Alvorada.,005g8000004iYenAAE,2026-08-30T00:00:00.000Z,Devolvida ao Remetente,Fora da Area de Cobertura,Tratativa concluida pela equipe da base.,,
a0Hg80000012WsLEAU,Sem Movimentacao,Resolvida,Critica,2026-08-26,2026-08-27,a0Ag80000048ZOaEAM,005g8000009K1pBAAS,Ocorrencia de Sem Movimentacao na remessa com destino Sao Leopoldo.,005g8000004iYenAAE,2026-09-01T00:00:00.000Z,Devolvida ao Remetente,Extravio Interno,Tratativa concluida pela equipe da base.,,
a0Hg80000012WuTEAU,Sem Movimentacao,Aberta,Media,2026-09-02,2026-09-06,a0Ag80000048ZQdEAM,,Ocorrencia de Sem Movimentacao na remessa com destino Blumenau.,005g8000004iYenAAE,,,,,,
a0Hg80000012WrjEAE,Avaria em Transporte,Aberta,Media,2026-08-26,2026-08-30,a0Ag80000048ZPFEA2,,Ocorrencia de Avaria em Transporte na remessa com destino Foz do Iguacu.,005g8000004iYenAAE,,,,,,
a0Hg80000012WupEAE,Retido na Base,Em Tratamento,Alta,2026-08-19,2026-08-21,a0Ag80000048ZOAEA2,005g8000009K1pBAAS,Ocorrencia de Retido na Base na remessa com destino Itajai.,005g8000004iYenAAE,,,,,,
a0Hg80000012WrEEAU,Retido na Base,Resolvida,Media,2026-08-22,2026-08-26,a0Ag80000048ZOPEA2,005g8000009K1pBAAS,Ocorrencia de Retido na Base na remessa com destino Tubarao.,005g8000004iYenAAE,2026-08-29T00:00:00.000Z,Entregue,Avaria,Tratativa concluida pela equipe da base.,,
a0Hg80000012WuKEAU,Retido na Base,Resolvida,Alta,2026-09-03,2026-09-05,a0Ag80000048ZOaEAM,005g8000004iYenAAE,Ocorrencia de Retido na Base na remessa com destino Santa Maria.,005g8000004iYenAAE,2026-09-05T00:00:00.000Z,Entregue,Falha Sistemica,Tratativa concluida pela equipe da base.,,
a0Hg80000012WteEAE,Retido na Base,Resolvida,Critica,2026-08-30,2026-08-31,a0Ag80000048ZQYEA2,005g8000009JzgwAAC,Ocorrencia de Retido na Base na remessa com destino Jaragua do Sul.,005g8000004iYenAAE,2026-09-07T00:00:00.000Z,Entregue,Falha de Triagem,Tratativa concluida pela equipe da base.,,
a0Hg80000012WvzEAE,Retido na Base,Resolvida,Alta,2026-09-05,2026-09-07,a0Ag80000048ZPNEA2,005g8000009K1pBAAS,Ocorrencia de Retido na Base na remessa com destino Canoas.,005g8000004iYenAAE,2026-09-16T00:00:00.000Z,Reagendada,Fora da Area de Cobertura,Tratativa concluida pela equipe da base.,,
a0Hg80000012WuuEAE,Retido na Base,Resolvida,Baixa,2026-08-27,2026-09-03,a0Ag80000048ZPBEA2,005g8000009JzgwAAC,Ocorrencia de Retido na Base na remessa com destino Tubarao.,005g8000004iYenAAE,2026-09-06T00:00:00.000Z,Entregue,Extravio Interno,Tratativa concluida pela equipe da base.,,
a0Hg80000012WqVEAU,Sem Movimentacao,Em Tratamento,Alta,2026-09-05,2026-09-07,a0Ag80000048ZPBEA2,005g8000009K1pBAAS,Ocorrencia de Sem Movimentacao na remessa com destino Itajai.,005g8000004iYenAAE,,,,,,
a0Hg80000012WqeEAE,Sem Movimentacao,Resolvida,Critica,2026-09-05,2026-09-06,a0Ag80000048ZOAEA2,005g8000009K1pBAAS,Ocorrencia de Sem Movimentacao na remessa com destino Itajai.,005g8000004iYenAAE,2026-09-06T00:00:00.000Z,Localizada e Reintegrada,Extravio Interno,Tratativa concluida pela equipe da base.,,
a0Hg80000012WwJEAU,Retido na Base,Resolvida,Alta,2026-08-16,2026-08-18,a0Ag80000048ZPBEA2,005g8000009JzgwAAC,Ocorrencia de Retido com Motorista na remessa com destino Itajai.,005g8000004iYenAAE,2026-08-28T00:00:00.000Z,Devolvida ao Remetente,Avaria,Tratativa concluida pela equipe da base.,,
a0Hg80000012WvMEAU,Retido na Base,Resolvida,Critica,2026-09-03,2026-09-04,a0Ag80000048ZPBEA2,005g8000009JzgwAAC,Ocorrencia de Retido na Base na remessa com destino Palhoca.,005g8000004iYenAAE,2026-09-11T00:00:00.000Z,Sem Acao Necessaria,Extravio Interno,Tratativa concluida pela equipe da base.,,
a0Hg80000012WunEAE,Retido na Base,Resolvida,Critica,2026-08-28,2026-08-29,a0Ag80000048ZOaEAM,005g8000009K1pBAAS,Ocorrencia de Retido na Base na remessa com destino Sao Leopoldo.,005g8000004iYenAAE,2026-08-31T00:00:00.000Z,Localizada e Reintegrada,Postura do Motorista,Tratativa concluida pela equipe da base.,,
a0Hg80000012WqqEAE,Sem Movimentacao,Resolvida,Media,2026-08-29,2026-09-02,a0Ag80000048ZOCEA2,005g8000009JzgwAAC,Ocorrencia de Sem Movimentacao na remessa com destino Londrina.,005g8000004iYenAAE,2026-08-31T00:00:00.000Z,Encaminhada para Extravio,Falha Sistemica,Tratativa concluida pela equipe da base.,,
a0Hg80000012WukEAE,Suspeita de Extravio,Resolvida,Media,2026-08-21,2026-08-25,a0Ag80000048ZOBEA2,005g8000009K1pBAAS,Ocorrencia de Suspeita de Extravio na remessa com destino Foz do Iguacu.,005g8000004iYenAAE,2026-09-01T00:00:00.000Z,Devolvida ao Remetente,Falha Sistemica,Tratativa concluida pela equipe da base.,,
a0Hg80000012WqEEAU,Sem Movimentacao,Em Tratamento,Baixa,2026-08-26,2026-09-02,a0Ag80000048ZO6EAM,005g8000009K1pBAAS,Ocorrencia de Sem Movimentacao na remessa com destino Cascavel.,005g8000004iYenAAE,,,,,,
a0Hg80000012WtMEAU,Retido na Base,Resolvida,Media,2026-08-25,2026-08-29,a0Ag80000048ZQYEA2,005g8000009K1pBAAS,Ocorrencia de Retido com Motorista na remessa com destino Itajai.,005g8000004iYenAAE,2026-08-29T00:00:00.000Z,Entregue,Fora da Area de Cobertura,Tratativa concluida pela equipe da base.,,
