LT_Expense_Category__c,LT_Status__c,LT_Cost_Center__c,LT_Amount__c,LT_Expense_Date__c,LT_Competency_Month__c,LT_Base__c,LT_Payment_Request__c,LT_Supplier__c,LT_Invoice_Number__c,LT_Recurring__c,LT_Pass_Through__c,LT_Description__c,OwnerId
Aluguel de Base/Galpao,Paga,Operacao - Ultima Milha,5610.35,2026-08-05,2026-08,a0Ag80000048ZOUEA2,,Imobiliaria local,ALUG-000,true,false,Aluguel mensal do imovel da Base Franqueada Caçador (F CDR).,005g8000004iYenAAE
Aluguel de Base/Galpao,Paga,Operacao - Ultima Milha,4841.98,2026-08-05,2026-08,a0Ag80000048ZOGEA2,,Imobiliaria local,ALUG-001,true,false,Aluguel mensal do imovel da Base Curitibanos (CTB).,005g8000004iYenAAE
Aluguel de Base/Galpao,Paga,Operacao - Ultima Milha,5333.68,2026-08-05,2026-08,a0Ag80000048ZO5EAM,,Imobiliaria local,ALUG-002,true,false,Aluguel mensal do imovel da Base Almirante Tamandaré (ALM).,005g8000004iYenAAE
Energia / Agua / Internet,Paga,Operacao - Ultima Milha,1027.0,2026-08-12,2026-08,a0Ag80000048ZOQEA2,,Concessionarias / provedores,UTIL-000,true,false,"Contas de energia, agua e internet da Base Franqueada Bento Gonçalves (F BTG).",005g8000004iYenAAE
Energia / Agua / Internet,Realizada,Operacao - Ultima Milha,943.54,2026-08-12,2026-08,a0Ag80000048ZOVEA2,,Concessionarias / provedores,UTIL-001,true,false,"Contas de energia, agua e internet da Base Franqueada Chapecó (F CHA).",005g8000004iYenAAE
Energia / Agua / Internet,Paga,Operacao - Ultima Milha,1351.95,2026-08-12,2026-08,a0Ag80000048ZOEEA2,,Concessionarias / provedores,UTIL-002,true,false,"Contas de energia, agua e internet da Base Capão da Canoa (CPO).",005g8000004iYenAAE
Combustivel,Paga,Operacao - Primeira Milha,8940.55,2026-08-28,2026-08,,,Rede de Postos Ipiranga,COMB-0826,true,false,Combustivel da frota de transferencia (SC/MR) da regional Sul em agosto.,005g8000004iYenAAE
Combustivel,Realizada,Operacao - Primeira Milha,7710.2,2026-07-30,2026-07,,,Rede de Postos Ipiranga,COMB-0726,true,false,Combustivel da frota de transferencia da regional Sul em julho.,005g8000004iYenAAE
Manutencao de Veiculos,Paga,Cadastro / Frota,3120.0,2026-08-18,2026-08,,,Oficina Diesel Sul,MANUT-441,false,false,Revisao preventiva e troca de pneus de dois caminhoes de transferencia.,005g8000004iYenAAE
Folha / Encargos,Paga,Administrativo / RH,42800.0,2026-08-30,2026-08,,a0Sg8000000fXDHEA2,Folha LogiTrack Brasil,,true,false,Folha de pagamento de agosto/2026 (reconhecimento contabil da despesa).,005g8000004iYenAAE
Material de Embalagem,Paga,Operacao - Ultima Milha,3192.1,2026-08-22,2026-08,a0Ag80000048ZOUEA2,a0Sg8000000fXDMEA2,Papelao & Cia,NF-90418,false,false,"Caixas, plastico bolha e fitas para as bases da regional.",005g8000004iYenAAE
Servicos de Terceiros,Realizada,Financeiro,6250.0,2026-08-31,2026-08,,a0Sg8000000fXDPEA2,ContabilSul Assessoria Contabil,NF-70233,true,false,Honorarios contabeis de agosto/2026.,005g8000004iYenAAE
Frete / Transferencia (SC/MR),Realizada,Operacao - Primeira Milha,12430.0,2026-08-31,2026-08,,,Motoristas MR/Coleta (repasse),,false,true,Repasse de frete de primeira milha aos motoristas MR e de coleta em agosto.,005g8000004iYenAAE
Ressarcimento a Embarcador,Paga,Operacao - Ultima Milha,4863.0,2026-08-25,2026-08,,,Diversos embarcadores,RESS-AGO-2026,false,false,Total de ressarcimentos por extravio pagos a embarcadores em agosto (prevencao de perdas).,005g8000004iYenAAE
Viagem / Diaria,Prevista,Expansao / Novas Bases,5400.0,2026-09-15,2026-09,,a0Sg8000000fXDNEA2,Viagem prospeccao oeste SC,,false,false,Diarias e deslocamento da viagem de prospeccao de galpao no oeste de SC.,005g8000004iYenAAE
Aluguel de Base/Galpao,Prevista,Expansao / Novas Bases,28900.0,2026-09-20,2026-09,,a0Sg8000000fXDOEA2,Imobiliaria Oeste Catarinense,,false,false,Caucao e primeiro aluguel do galpao da nova base de Chapeco.,005g8000004iYenAAE
Equipamentos / EPI,Cancelada,Operacao - Ultima Milha,15800.0,2026-08-14,2026-08,,,MegaOffice Distribuidora,,false,false,Compra de coletores nova - cancelada apos reprovacao da solicitacao COT-9981.,005g8000004iYenAAE
