LT_Request_Type__c,LT_Status__c,LT_Priority__c,LT_Cost_Center__c,LT_Payment_Method__c,LT_Shipper__c,LT_Loss_Claim__c,LT_Amount__c,LT_Request_Date__c,LT_Due_Date__c,LT_Approval_Date__c,LT_Approved_By__c,LT_Payee_Name__c,LT_Payee_Document__c,LT_Description__c,LT_Invoice_Number__c,OwnerId,LT_Requested_By__c,LT_Driver__c,LT_Manifest__c,LT_Payee_Pix_Key__c,LT_Recurring__c,LT_Base__c,LT_Rejection_Reason__c
Pagamento a Embarcador (Ressarcimento),Aprovada,Normal,Operacao - Ultima Milha,PIX,001g800000kdoNaAAI,a0Qg800000CzC29EAF,73.5,2026-08-03,2026-08-14,2026-08-05,005g8000004iYenAAE,Distribuidora Farmasul,94.187.312/0001-96,"Ressarcimento ao embarcador Distribuidora Farmasul referente ao extravio EXT-000000, conforme apuracao da prevencao de perdas.",RESS-000000,005g8000004iYenAAE,005g8000004iYenAAE,,,,,,
Pagamento a Embarcador (Ressarcimento),Paga,Normal,Operacao - Ultima Milha,PIX,001g800000kdoNSAAY,a0Qg800000CzC2EEAV,214.36,2026-08-08,2026-08-23,2026-08-10,005g8000004iYenAAE,Xitou Marketplace,20.942.353/0001-18,"Ressarcimento ao embarcador Xitou Marketplace referente ao extravio EXT-000005, conforme apuracao da prevencao de perdas.",RESS-000005,005g8000004iYenAAE,005g8000004iYenAAE,,,,,,
Pagamento a Embarcador (Ressarcimento),Aprovada,Normal,Operacao - Ultima Milha,PIX,001g800000kdoNWAAY,a0Qg800000CzC2HEAV,227.78,2026-08-10,2026-08-29,2026-08-13,005g8000004iYenAAE,Calcados Prime,68.240.654/0001-89,"Ressarcimento ao embarcador Calcados Prime referente ao extravio EXT-000008, conforme apuracao da prevencao de perdas.",RESS-000008,005g8000004iYenAAE,005g8000004iYenAAE,,,,,,
Pagamento a Embarcador (Ressarcimento),Paga,Normal,Operacao - Ultima Milha,PIX,001g800000kdoNYAAY,a0Qg800000CzC2JEAV,317.8,2026-07-24,2026-08-07,2026-07-27,005g8000004iYenAAE,AutoPecas do Sul,93.254.382/0001-56,"Ressarcimento ao embarcador AutoPecas do Sul referente ao extravio EXT-000010, conforme apuracao da prevencao de perdas.",RESS-000010,005g8000004iYenAAE,005g8000004iYenAAE,,,,,,
Pagamento a Embarcador (Ressarcimento),Paga,Normal,Operacao - Ultima Milha,PIX,001g800000kdqDzAAI,a0Qg800000CzC2MEAV,854.1,2026-07-30,2026-08-09,2026-08-02,005g8000004iYenAAE,Casa e Cor Online,67.872.179/0001-93,"Ressarcimento ao embarcador Casa e Cor Online referente ao extravio EXT-000013, conforme apuracao da prevencao de perdas.",RESS-000013,005g8000004iYenAAE,005g8000004iYenAAE,,,,,,
Pagamento a Embarcador (Ressarcimento),Paga,Normal,Operacao - Ultima Milha,PIX,001g800000kdoNTAAY,a0Qg800000CzC2PEAV,597.2,2026-08-05,2026-08-18,2026-08-09,005g8000004iYenAAE,Compria Marketplace,48.221.737/0001-78,"Ressarcimento ao embarcador Compria Marketplace referente ao extravio EXT-000016, conforme apuracao da prevencao de perdas.",RESS-000016,005g8000004iYenAAE,005g8000004iYenAAE,,,,,,
Pagamento a Embarcador (Ressarcimento),Paga,Normal,Operacao - Ultima Milha,PIX,001g800000kdqDzAAI,a0Qg800000CzC2QEAV,442.28,2026-08-08,2026-08-24,2026-08-13,005g8000004iYenAAE,Casa e Cor Online,10.448.438/0001-49,"Ressarcimento ao embarcador Casa e Cor Online referente ao extravio EXT-000017, conforme apuracao da prevencao de perdas.",RESS-000017,005g8000004iYenAAE,005g8000004iYenAAE,,,,,,
Pagamento a Embarcador (Ressarcimento),Paga,Normal,Operacao - Ultima Milha,PIX,001g800000kdqE4AAI,a0Qg800000CzC2REAV,323.71,2026-08-07,2026-08-24,2026-08-11,005g8000004iYenAAE,Confeccoes Vale do Itajai,23.116.533/0001-83,"Ressarcimento ao embarcador Confeccoes Vale do Itajai referente ao extravio EXT-000018, conforme apuracao da prevencao de perdas.",RESS-000018,005g8000004iYenAAE,005g8000004iYenAAE,,,,,,
Pagamento a Embarcador (Ressarcimento),Paga,Normal,Operacao - Ultima Milha,PIX,001g800000kdqkEAAQ,a0Qg800000CzC2TEAV,638.15,2026-08-10,2026-08-18,2026-08-12,005g8000004iYenAAE,Marilia Fontes Ateliê,57.165.923/0001-53,"Ressarcimento ao embarcador Marilia Fontes Ateliê referente ao extravio EXT-000020, conforme apuracao da prevencao de perdas.",RESS-000020,005g8000004iYenAAE,005g8000004iYenAAE,,,,,,
Pagamento a Embarcador (Ressarcimento),Aprovada,Normal,Operacao - Ultima Milha,PIX,001g800000kdoNVAAY,a0Qg800000CzC2UEAV,550.05,2026-08-05,2026-08-13,2026-08-09,005g8000004iYenAAE,VendeMais Online,32.325.561/0001-21,"Ressarcimento ao embarcador VendeMais Online referente ao extravio EXT-000021, conforme apuracao da prevencao de perdas.",RESS-000021,005g8000004iYenAAE,005g8000004iYenAAE,,,,,,
Pagamento a Embarcador (Ressarcimento),Paga,Normal,Operacao - Ultima Milha,PIX,001g800000kdqE0AAI,a0Qg800000CzC2WEAV,456.1,2026-07-17,2026-07-25,2026-07-20,005g8000004iYenAAE,PetLar Suprimentos,85.109.853/0001-83,"Ressarcimento ao embarcador PetLar Suprimentos referente ao extravio EXT-000023, conforme apuracao da prevencao de perdas.",RESS-000023,005g8000004iYenAAE,005g8000004iYenAAE,,,,,,
Pagamento a Motorista (Romaneio),Paga,Normal,Operacao - Ultima Milha,PIX,,,410.88,2026-09-03,2026-09-13,2026-09-04,005g8000004iYenAAE,Fabio Carvalho,128.036.988-64,Pagamento do romaneio RMN-000080 ao motorista Fabio Carvalho (frete de ultima milha).,RMN-000080,005g8000004iYenAAE,005g8000004iYenAAE,a0Fg8000006qKpEEAU,a0Kg8000001sWbpEAE,sandra.nascimento@email.com,,,
Pagamento a Motorista (Romaneio),Paga,Normal,Operacao - Ultima Milha,PIX,,,163.8,2026-08-22,2026-09-01,2026-08-23,005g8000004iYenAAE,Fabio Carvalho,128.036.988-64,Pagamento do romaneio RMN-000082 ao motorista Fabio Carvalho (frete de ultima milha).,RMN-000082,005g8000004iYenAAE,005g8000004iYenAAE,a0Fg8000006qKpEEAU,a0Kg8000001sWbrEAE,sandra.nascimento@email.com,,,
Pagamento a Motorista (Romaneio),Paga,Normal,Operacao - Ultima Milha,PIX,,,201.85,2026-09-03,2026-09-09,2026-09-04,005g8000004iYenAAE,Fabio Carvalho,128.036.988-64,Pagamento do romaneio RMN-000083 ao motorista Fabio Carvalho (frete de ultima milha).,RMN-000083,005g8000004iYenAAE,005g8000004iYenAAE,a0Fg8000006qKpEEAU,a0Kg8000001sWbsEAE,sandra.nascimento@email.com,,,
Pagamento a Motorista (Romaneio),Paga,Normal,Operacao - Ultima Milha,PIX,,,327.47,2026-08-06,2026-08-10,2026-08-07,005g8000004iYenAAE,Fabio Carvalho,128.036.988-64,Pagamento do romaneio RMN-000085 ao motorista Fabio Carvalho (frete de ultima milha).,RMN-000085,005g8000004iYenAAE,005g8000004iYenAAE,a0Fg8000006qKpEEAU,a0Kg8000001sWbuEAE,sandra.nascimento@email.com,,,
Pagamento a Motorista (Romaneio),Paga,Normal,Operacao - Ultima Milha,PIX,,,448.2,2026-08-04,2026-08-07,2026-08-05,005g8000004iYenAAE,Fabio Carvalho,128.036.988-64,Pagamento do romaneio RMN-000086 ao motorista Fabio Carvalho (frete de ultima milha).,RMN-000086,005g8000004iYenAAE,005g8000004iYenAAE,a0Fg8000006qKpEEAU,a0Kg8000001sWbvEAE,sandra.nascimento@email.com,,,
Pagamento a Motorista (Romaneio),Paga,Normal,Operacao - Ultima Milha,PIX,,,133.0,2026-08-07,2026-08-16,2026-08-08,005g8000004iYenAAE,Willian Barbosa,131.147.201-03,Pagamento do romaneio RMN-000088 ao motorista Willian Barbosa (frete de ultima milha).,RMN-000088,005g8000004iYenAAE,005g8000004iYenAAE,a0Fg8000006qKpHEAU,a0Kg8000001sWbxEAE,131.147.201-03,,,
Pagamento a Motorista (Romaneio),Paga,Normal,Operacao - Ultima Milha,PIX,,,264.0,2026-08-26,2026-08-30,2026-08-27,005g8000004iYenAAE,Willian Barbosa,131.147.201-03,Pagamento do romaneio RMN-000090 ao motorista Willian Barbosa (frete de ultima milha).,RMN-000090,005g8000004iYenAAE,005g8000004iYenAAE,a0Fg8000006qKpHEAU,a0Kg8000001sWbzEAE,131.147.201-03,,,
Pagamento a Motorista (Romaneio),Paga,Normal,Operacao - Ultima Milha,PIX,,,119.8,2026-08-15,2026-08-18,2026-08-16,005g8000004iYenAAE,Willian Barbosa,131.147.201-03,Pagamento do romaneio RMN-000092 ao motorista Willian Barbosa (frete de ultima milha).,RMN-000092,005g8000004iYenAAE,005g8000004iYenAAE,a0Fg8000006qKpHEAU,a0Kg8000001sWc1EAE,131.147.201-03,,,
Pagamento a Motorista (Romaneio),Paga,Normal,Operacao - Ultima Milha,PIX,,,148.96,2026-09-06,2026-09-14,2026-09-07,005g8000004iYenAAE,Rudinei Gomes,132.184.272-16,Pagamento do romaneio RMN-000097 ao motorista Rudinei Gomes (frete de ultima milha).,RMN-000097,005g8000004iYenAAE,005g8000004iYenAAE,a0Fg8000006qKpIEAU,a0Kg8000001sWc6EAE,132.184.272-16,,,
Pagamento a Motorista (Romaneio),Aprovada,Normal,Operacao - Ultima Milha,PIX,,,729.7,2026-08-24,2026-08-29,2026-08-25,005g8000004iYenAAE,Willian Barbosa,131.147.201-03,Pagamento do romaneio RMN-000091 ao motorista Willian Barbosa (frete de ultima milha).,RMN-000091,005g8000004iYenAAE,005g8000004iYenAAE,a0Fg8000006qKpHEAU,a0Kg8000001sWc0EAE,131.147.201-03,,,
Pagamento a Motorista (Romaneio),Aprovada,Normal,Operacao - Ultima Milha,PIX,,,173.72,2026-09-06,2026-09-10,2026-09-07,005g8000004iYenAAE,Rudinei Gomes,132.184.272-16,Pagamento do romaneio RMN-000096 ao motorista Rudinei Gomes (frete de ultima milha).,RMN-000096,005g8000004iYenAAE,005g8000004iYenAAE,a0Fg8000006qKpIEAU,a0Kg8000001sWc5EAE,132.184.272-16,,,
Folha de Pagamento (Funcionarios),Paga,Alta,Administrativo / RH,TED / Transferencia,,,42800.0,2026-08-31,2026-09-05,2026-09-01,005g8000004iYenAAE,Folha LogiTrack Brasil,,Folha de pagamento dos funcionarios administrativos e de base - competencia Agosto/2026.,FOLHA-00,005g8000004iYenAAE,005g8000004iYenAAE,,,,true,,
Folha de Pagamento (Funcionarios),Aprovada,Alta,Administrativo / RH,TED / Transferencia,,,43650.0,2026-08-27,2026-09-01,2026-08-28,005g8000004iYenAAE,Folha LogiTrack Brasil,,Folha de pagamento dos funcionarios administrativos e de base - competencia Setembro/2026.,FOLHA-01,005g8000004iYenAAE,005g8000004iYenAAE,,,,true,,
Folha de Pagamento (Funcionarios),Em Aprovacao,Alta,Administrativo / RH,TED / Transferencia,,,21300.0,2026-08-19,2026-08-24,,,Folha LogiTrack Brasil,,Folha de pagamento dos funcionarios administrativos e de base - competencia 13o Salario - 1a parcela.,FOLHA-02,005g8000004iYenAAE,005g8000004iYenAAE,,,,true,,
Insumos para Base/Escritorio,Aprovada,Normal,Operacao - Ultima Milha,Boleto,,,1380.53,2026-09-03,2026-09-19,2026-09-05,005g8000004iYenAAE,Grafica Sul Embalagens,26.782.694/0001-64,"Compra de insumos operacionais (embalagens, EPIs, material de escritorio) para a Base Curitibanos (CTB).",NF-73624,005g8000004iYenAAE,005g8000004iYenAAE,,,,,a0Ag80000048ZOGEA2,
Insumos para Base/Escritorio,Aprovada,Normal,Operacao - Ultima Milha,Boleto,,,2781.34,2026-08-11,2026-08-30,2026-08-13,005g8000004iYenAAE,Distribuidora EPI Curitiba,63.494.130/0001-92,"Compra de insumos operacionais (embalagens, EPIs, material de escritorio) para a Base Franqueada Araquari (F ARQ).",NF-19785,005g8000004iYenAAE,005g8000004iYenAAE,,,,,a0Ag80000048ZOLEA2,
Insumos para Base/Escritorio,Paga,Normal,Operacao - Ultima Milha,Boleto,,,3192.1,2026-08-16,2026-09-03,2026-08-18,005g8000004iYenAAE,Papelao & Cia,14.907.971/0001-90,"Compra de insumos operacionais (embalagens, EPIs, material de escritorio) para a Base Arapongas (ARP).",NF-90418,005g8000004iYenAAE,005g8000004iYenAAE,,,,,a0Ag80000048ZO6EAM,
Verba para Viagem/Projeto,Em Aprovacao,Alta,Expansao / Novas Bases,Cartao Corporativo,,,5400.0,2026-09-02,2026-09-10,,,Bruno Tavares (Coord. Expansao),,Verba de viagem para prospeccao de galpao e visita a candidatos a franqueado no oeste de SC (5 dias).,VIA-001,005g8000004iYenAAE,005g8000004iYenAAE,,,,,,
Abertura de Galpao/Nova Base,Em Aprovacao,Urgente,Expansao / Novas Bases,TED / Transferencia,,,28900.0,2026-08-28,2026-09-12,,,Imobiliaria Oeste Catarinense,18.442.771/0001-90,Caucao e primeiro aluguel do galpao da nova base de Chapeco (SC): 3 meses de deposito + adaptacoes.,EXP-CHA-01,005g8000004iYenAAE,005g8000004iYenAAE,,,,,,
Fornecedor / Prestador de Servico,Aprovada,Normal,Financeiro,Boleto,,,6250.0,2026-08-25,2026-09-14,2026-08-27,005g8000004iYenAAE,ContabilSul Assessoria Contabil,09.877.201/0001-45,Honorarios mensais do escritorio de contabilidade (competencia agosto/2026).,NF-70233,005g8000004iYenAAE,005g8000004iYenAAE,,,,true,,
Reembolso de Despesa,Paga,Baixa,Comercial,PIX,,,386.4,2026-08-19,2026-08-26,2026-08-20,005g8000004iYenAAE,Ana Beatriz Correia,,Reembolso de combustivel e pedagio em visitas a embarcadores na regiao de Joinville.,REEMB-014,005g8000004iYenAAE,005g8000004iYenAAE,,,,,,
Insumos para Base/Escritorio,Reprovada,Normal,Operacao - Ultima Milha,Boleto,,,15800.0,2026-08-23,2026-09-12,,,MegaOffice Distribuidora,,Compra de 40 coletores de codigo de barras novos para as bases da regional.,COT-9981,005g8000004iYenAAE,005g8000004iYenAAE,,,,,,Reprovado pela diretoria: volume acima do previsto no orcamento do trimestre. Reapresentar em 3 lotes menores no proximo ciclo.
Outro,Rascunho,Baixa,Administrativo / RH,PIX,,,1200.0,2026-09-06,2026-09-21,,,A definir,,,RASC-001,005g8000004iYenAAE,005g8000004iYenAAE,,,,,,
